Status,Model Name,File Path,Old Frameworks,New Frameworks
UPDATED,AITeamVN/Vietnamese_Embedding,/Users/ayushmunot/Desktop/OpenSource/mteb/mteb/models/model_implementations/vi_vn_models.py,"Sentence Transformers, PyTorch","Sentence Transformers, PyTorch, ONNX, safetensors"
UPDATED,Alibaba-NLP/gme-Qwen2-VL-2B-Instruct,/Users/ayushmunot/Desktop/OpenSource/mteb/mteb/models/model_implementations/gme_v_models.py,PyTorch,"PyTorch, Sentence Transformers, safetensors, Transformers"
UPDATED,Alibaba-NLP/gme-Qwen2-VL-7B-Instruct,/Users/ayushmunot/Desktop/OpenSource/mteb/mteb/models/model_implementations/gme_v_models.py,PyTorch,"PyTorch, Sentence Transformers, safetensors, Transformers"
UPDATED,Alibaba-NLP/gte-Qwen1.5-7B-instruct,/Users/ayushmunot/Desktop/OpenSource/mteb/mteb/models/model_implementations/gte_models.py,"Sentence Transformers, PyTorch","Sentence Transformers, PyTorch, safetensors, Transformers"
UPDATED,Alibaba-NLP/gte-Qwen2-1.5B-instruct,/Users/ayushmunot/Desktop/OpenSource/mteb/mteb/models/model_implementations/gte_models.py,"Sentence Transformers, PyTorch","Sentence Transformers, PyTorch, safetensors, Transformers"
UPDATED,Alibaba-NLP/gte-Qwen2-7B-instruct,/Users/ayushmunot/Desktop/OpenSource/mteb/mteb/models/model_implementations/gte_models.py,"Sentence Transformers, PyTorch","Sentence Transformers, PyTorch, safetensors, Transformers"
UPDATED,Alibaba-NLP/gte-base-en-v1.5,/Users/ayushmunot/Desktop/OpenSource/mteb/mteb/models/model_implementations/gte_models.py,"Sentence Transformers, PyTorch","Sentence Transformers, PyTorch, Transformers, ONNX, safetensors"
UPDATED,Alibaba-NLP/gte-modernbert-base,/Users/ayushmunot/Desktop/OpenSource/mteb/mteb/models/model_implementations/gte_models.py,"Sentence Transformers, PyTorch","Sentence Transformers, PyTorch, Transformers, ONNX, safetensors"
UPDATED,Alibaba-NLP/gte-multilingual-base,/Users/ayushmunot/Desktop/OpenSource/mteb/mteb/models/model_implementations/gte_models.py,"Sentence Transformers, PyTorch","Sentence Transformers, PyTorch, safetensors, Transformers"
UPDATED,ApsaraStackMaaS/EvoQwen2.5-VL-Retriever-3B-v1,/Users/ayushmunot/Desktop/OpenSource/mteb/mteb/models/model_implementations/colqwen_models.py,ColPali,"ColPali, safetensors"
UPDATED,ApsaraStackMaaS/EvoQwen2.5-VL-Retriever-7B-v1,/Users/ayushmunot/Desktop/OpenSource/mteb/mteb/models/model_implementations/colqwen_models.py,ColPali,"ColPali, safetensors"
UPDATED,BAAI/bge-base-en,/Users/ayushmunot/Desktop/OpenSource/mteb/mteb/models/model_implementations/bge_models.py,"Sentence Transformers, PyTorch","Sentence Transformers, PyTorch, Transformers, ONNX, safetensors"
UPDATED,BAAI/bge-base-en-v1.5,/Users/ayushmunot/Desktop/OpenSource/mteb/mteb/models/model_implementations/bge_models.py,"Sentence Transformers, PyTorch","Sentence Transformers, PyTorch, ONNX, safetensors, Transformers"
UPDATED,BAAI/bge-base-zh,/Users/ayushmunot/Desktop/OpenSource/mteb/mteb/models/model_implementations/bge_models.py,"Sentence Transformers, PyTorch","Sentence Transformers, PyTorch, Transformers, safetensors"
UPDATED,BAAI/bge-base-zh-v1.5,/Users/ayushmunot/Desktop/OpenSource/mteb/mteb/models/model_implementations/bge_models.py,"Sentence Transformers, PyTorch","Sentence Transformers, PyTorch, Transformers"
UPDATED,BAAI/bge-en-icl,/Users/ayushmunot/Desktop/OpenSource/mteb/mteb/models/model_implementations/bge_models.py,"Sentence Transformers, PyTorch","Sentence Transformers, PyTorch, safetensors, Transformers"
UPDATED,BAAI/bge-large-en,/Users/ayushmunot/Desktop/OpenSource/mteb/mteb/models/model_implementations/bge_models.py,"Sentence Transformers, PyTorch","Sentence Transformers, PyTorch, Transformers, safetensors"
UPDATED,BAAI/bge-large-en-v1.5,/Users/ayushmunot/Desktop/OpenSource/mteb/mteb/models/model_implementations/bge_models.py,"Sentence Transformers, PyTorch","Sentence Transformers, PyTorch, ONNX, safetensors, Transformers"
UPDATED,BAAI/bge-large-zh,/Users/ayushmunot/Desktop/OpenSource/mteb/mteb/models/model_implementations/bge_models.py,"Sentence Transformers, PyTorch","Sentence Transformers, PyTorch, Transformers, safetensors"
UPDATED,BAAI/bge-large-zh-v1.5,/Users/ayushmunot/Desktop/OpenSource/mteb/mteb/models/model_implementations/bge_models.py,"Sentence Transformers, PyTorch","Sentence Transformers, PyTorch, Transformers"
UPDATED,BAAI/bge-m3,/Users/ayushmunot/Desktop/OpenSource/mteb/mteb/models/model_implementations/bge_models.py,"Sentence Transformers, PyTorch","Sentence Transformers, PyTorch, ONNX"
UPDATED,BAAI/bge-m3-unsupervised,/Users/ayushmunot/Desktop/OpenSource/mteb/mteb/models/model_implementations/bge_models.py,"Sentence Transformers, PyTorch","Sentence Transformers, PyTorch, safetensors"
UPDATED,BAAI/bge-multilingual-gemma2,/Users/ayushmunot/Desktop/OpenSource/mteb/mteb/models/model_implementations/bge_models.py,"Sentence Transformers, PyTorch","Sentence Transformers, PyTorch, safetensors, Transformers"
UPDATED,BAAI/bge-reranker-v2-m3,/Users/ayushmunot/Desktop/OpenSource/mteb/mteb/models/model_implementations/rerankers_custom.py,"Sentence Transformers, PyTorch","Sentence Transformers, PyTorch, safetensors, Transformers"
UPDATED,BAAI/bge-small-en,/Users/ayushmunot/Desktop/OpenSource/mteb/mteb/models/model_implementations/bge_models.py,"Sentence Transformers, PyTorch","Sentence Transformers, PyTorch, Transformers, safetensors"
UPDATED,BAAI/bge-small-en-v1.5,/Users/ayushmunot/Desktop/OpenSource/mteb/mteb/models/model_implementations/bge_models.py,"Sentence Transformers, PyTorch","Sentence Transformers, PyTorch, ONNX, safetensors, Transformers"
UPDATED,BAAI/bge-small-zh,/Users/ayushmunot/Desktop/OpenSource/mteb/mteb/models/model_implementations/bge_models.py,"Sentence Transformers, PyTorch","Sentence Transformers, PyTorch, Transformers"
UPDATED,BAAI/bge-small-zh-v1.5,/Users/ayushmunot/Desktop/OpenSource/mteb/mteb/models/model_implementations/bge_models.py,"Sentence Transformers, PyTorch","Sentence Transformers, PyTorch, Transformers, safetensors"
UPDATED,BMRetriever/BMRetriever-1B,/Users/ayushmunot/Desktop/OpenSource/mteb/mteb/models/model_implementations/bmretriever_models.py,"Sentence Transformers, PyTorch","Sentence Transformers, PyTorch, Transformers, safetensors"
UPDATED,BMRetriever/BMRetriever-2B,/Users/ayushmunot/Desktop/OpenSource/mteb/mteb/models/model_implementations/bmretriever_models.py,"Sentence Transformers, PyTorch","Sentence Transformers, PyTorch, Transformers, safetensors"
UPDATED,BMRetriever/BMRetriever-410M,/Users/ayushmunot/Desktop/OpenSource/mteb/mteb/models/model_implementations/bmretriever_models.py,"Sentence Transformers, PyTorch","Sentence Transformers, PyTorch, Transformers, safetensors"
UPDATED,BMRetriever/BMRetriever-7B,/Users/ayushmunot/Desktop/OpenSource/mteb/mteb/models/model_implementations/bmretriever_models.py,"Sentence Transformers, PyTorch","Sentence Transformers, PyTorch, Transformers, safetensors"
UPDATED,BeastyZ/e5-R-mistral-7b,/Users/ayushmunot/Desktop/OpenSource/mteb/mteb/models/model_implementations/e5_instruct.py,PyTorch,"PyTorch, Transformers, safetensors"
UPDATED,ByteDance/ListConRanker,/Users/ayushmunot/Desktop/OpenSource/mteb/mteb/models/model_implementations/listconranker.py,PyTorch,"PyTorch, Sentence Transformers, safetensors, Transformers"
UPDATED,Classical/Yinka,/Users/ayushmunot/Desktop/OpenSource/mteb/mteb/models/model_implementations/misc_models.py,"PyTorch, Sentence Transformers","PyTorch, Sentence Transformers, Transformers"
UPDATED,Cohere/Cohere-embed-english-light-v3.0,/Users/ayushmunot/Desktop/OpenSource/mteb/mteb/models/model_implementations/cohere_models.py,API,"API, Transformers"
UPDATED,Cohere/Cohere-embed-english-v3.0,/Users/ayushmunot/Desktop/OpenSource/mteb/mteb/models/model_implementations/cohere_models.py,API,"API, Transformers"
UPDATED,Cohere/Cohere-embed-multilingual-light-v3.0,/Users/ayushmunot/Desktop/OpenSource/mteb/mteb/models/model_implementations/cohere_models.py,API,"API, Transformers"
UPDATED,Cohere/Cohere-embed-multilingual-v3.0,/Users/ayushmunot/Desktop/OpenSource/mteb/mteb/models/model_implementations/cohere_models.py,API,"API, Transformers"
UPDATED,DMetaSoul/Dmeta-embedding-zh-small,/Users/ayushmunot/Desktop/OpenSource/mteb/mteb/models/model_implementations/misc_models.py,"PyTorch, Sentence Transformers","PyTorch, Sentence Transformers, Transformers, safetensors"
UPDATED,DMetaSoul/sbert-chinese-general-v1,/Users/ayushmunot/Desktop/OpenSource/mteb/mteb/models/model_implementations/misc_models.py,"PyTorch, Sentence Transformers","PyTorch, Sentence Transformers, Transformers"
UPDATED,DeepPavlov/distilrubert-small-cased-conversational,/Users/ayushmunot/Desktop/OpenSource/mteb/mteb/models/model_implementations/ru_sentence_models.py,"Sentence Transformers, PyTorch","Sentence Transformers, PyTorch, Transformers"
UPDATED,DeepPavlov/rubert-base-cased,/Users/ayushmunot/Desktop/OpenSource/mteb/mteb/models/model_implementations/ru_sentence_models.py,"Sentence Transformers, PyTorch","Sentence Transformers, PyTorch, Transformers"
UPDATED,DeepPavlov/rubert-base-cased-sentence,/Users/ayushmunot/Desktop/OpenSource/mteb/mteb/models/model_implementations/ru_sentence_models.py,"Sentence Transformers, PyTorch","Sentence Transformers, PyTorch, Transformers"
UPDATED,FacebookAI/xlm-roberta-base,/Users/ayushmunot/Desktop/OpenSource/mteb/mteb/models/model_implementations/facebookai.py,"Sentence Transformers, PyTorch","Sentence Transformers, PyTorch, Transformers, ONNX, safetensors"
UPDATED,FacebookAI/xlm-roberta-large,/Users/ayushmunot/Desktop/OpenSource/mteb/mteb/models/model_implementations/facebookai.py,"Sentence Transformers, PyTorch","Sentence Transformers, PyTorch, Transformers, ONNX, safetensors"
UPDATED,Gameselo/STS-multilingual-mpnet-base-v2,/Users/ayushmunot/Desktop/OpenSource/mteb/mteb/models/model_implementations/misc_models.py,"PyTorch, Sentence Transformers","PyTorch, Sentence Transformers, safetensors"
UPDATED,GeoGPT-Research-Project/GeoEmbedding,/Users/ayushmunot/Desktop/OpenSource/mteb/mteb/models/model_implementations/geogpt_models.py,"Sentence Transformers, PyTorch","Sentence Transformers, PyTorch, safetensors, Transformers"
UPDATED,GreenNode/GreenNode-Embedding-Large-VN-Mixed-V1,/Users/ayushmunot/Desktop/OpenSource/mteb/mteb/models/model_implementations/vi_vn_models.py,"Sentence Transformers, PyTorch","Sentence Transformers, PyTorch, safetensors"
UPDATED,GreenNode/GreenNode-Embedding-Large-VN-V1,/Users/ayushmunot/Desktop/OpenSource/mteb/mteb/models/model_implementations/vi_vn_models.py,"Sentence Transformers, PyTorch","Sentence Transformers, PyTorch, safetensors"
UPDATED,GritLM/GritLM-7B,/Users/ayushmunot/Desktop/OpenSource/mteb/mteb/models/model_implementations/gritlm_models.py,"GritLM, PyTorch","GritLM, PyTorch, Transformers, safetensors"
UPDATED,GritLM/GritLM-8x7B,/Users/ayushmunot/Desktop/OpenSource/mteb/mteb/models/model_implementations/gritlm_models.py,"GritLM, PyTorch","GritLM, PyTorch, Transformers, safetensors"
UPDATED,HIT-TMG/KaLM-embedding-multilingual-mini-instruct-v1,/Users/ayushmunot/Desktop/OpenSource/mteb/mteb/models/model_implementations/kalm_models.py,"PyTorch, Sentence Transformers","PyTorch, Sentence Transformers, safetensors"
UPDATED,HIT-TMG/KaLM-embedding-multilingual-mini-instruct-v1.5,/Users/ayushmunot/Desktop/OpenSource/mteb/mteb/models/model_implementations/kalm_models.py,"PyTorch, Sentence Transformers","PyTorch, Sentence Transformers, safetensors"
UPDATED,HIT-TMG/KaLM-embedding-multilingual-mini-instruct-v2,/Users/ayushmunot/Desktop/OpenSource/mteb/mteb/models/model_implementations/kalm_models.py,"PyTorch, Sentence Transformers","PyTorch, Sentence Transformers, safetensors, Transformers"
UPDATED,HIT-TMG/KaLM-embedding-multilingual-mini-v1,/Users/ayushmunot/Desktop/OpenSource/mteb/mteb/models/model_implementations/kalm_models.py,PyTorch,"PyTorch, Sentence Transformers, safetensors"
UPDATED,Haon-Chen/speed-embedding-7b-instruct,/Users/ayushmunot/Desktop/OpenSource/mteb/mteb/models/model_implementations/misc_models.py,PyTorch,"PyTorch, Transformers, safetensors"
UPDATED,HooshvareLab/bert-base-parsbert-uncased,/Users/ayushmunot/Desktop/OpenSource/mteb/mteb/models/model_implementations/fa_models.py,"Sentence Transformers, PyTorch","Sentence Transformers, PyTorch, Transformers"
UPDATED,Hum-Works/lodestone-base-4096-v1,/Users/ayushmunot/Desktop/OpenSource/mteb/mteb/models/model_implementations/misc_models.py,PyTorch,"PyTorch, Sentence Transformers"
UPDATED,IEITYuan/Yuan-embedding-2.0-en,/Users/ayushmunot/Desktop/OpenSource/mteb/mteb/models/model_implementations/yuan_models_en.py,"Sentence Transformers, PyTorch","Sentence Transformers, PyTorch, safetensors"
UPDATED,IEITYuan/Yuan-embedding-2.0-zh,/Users/ayushmunot/Desktop/OpenSource/mteb/mteb/models/model_implementations/yuan_models.py,"Sentence Transformers, PyTorch","Sentence Transformers, PyTorch, safetensors"
UPDATED,Jaume/gemma-2b-embeddings,/Users/ayushmunot/Desktop/OpenSource/mteb/mteb/models/model_implementations/misc_models.py,"PyTorch, Sentence Transformers","PyTorch, Sentence Transformers, safetensors"
UPDATED,KBLab/sentence-bert-swedish-cased,/Users/ayushmunot/Desktop/OpenSource/mteb/mteb/models/model_implementations/kblab.py,"Sentence Transformers, PyTorch","Sentence Transformers, PyTorch, safetensors, GGUF, Transformers"
UPDATED,KFST/XLMRoberta-en-da-sv-nb,/Users/ayushmunot/Desktop/OpenSource/mteb/mteb/models/model_implementations/kfst.py,"Sentence Transformers, PyTorch","Sentence Transformers, PyTorch, safetensors, Transformers"
UPDATED,KaLM-Embedding/KaLM-embedding-multilingual-mini-instruct-v2.5,/Users/ayushmunot/Desktop/OpenSource/mteb/mteb/models/model_implementations/kalm_models.py,"PyTorch, Sentence Transformers","PyTorch, Sentence Transformers, safetensors"
UPDATED,KennethEnevoldsen/dfm-sentence-encoder-large,/Users/ayushmunot/Desktop/OpenSource/mteb/mteb/models/model_implementations/kennethenevoldsen_models.py,"Sentence Transformers, PyTorch","Sentence Transformers, PyTorch, Transformers, safetensors"
UPDATED,KennethEnevoldsen/dfm-sentence-encoder-medium,/Users/ayushmunot/Desktop/OpenSource/mteb/mteb/models/model_implementations/kennethenevoldsen_models.py,"Sentence Transformers, PyTorch","Sentence Transformers, PyTorch, Transformers"
UPDATED,Kingsoft-LLM/QZhou-Embedding,/Users/ayushmunot/Desktop/OpenSource/mteb/mteb/models/model_implementations/qzhou_models.py,"Sentence Transformers, PyTorch","Sentence Transformers, PyTorch, safetensors"
UPDATED,Kingsoft-LLM/QZhou-Embedding-Zh,/Users/ayushmunot/Desktop/OpenSource/mteb/mteb/models/model_implementations/qzhou_models.py,"Sentence Transformers, PyTorch","Sentence Transformers, PyTorch, safetensors"
UPDATED,Kowshik24/bangla-sentence-transformer-ft-matryoshka-paraphrase-multilingual-mpnet-base-v2,/Users/ayushmunot/Desktop/OpenSource/mteb/mteb/models/model_implementations/kowshik24_models.py,"Sentence Transformers, PyTorch","Sentence Transformers, PyTorch, safetensors"
UPDATED,Lajavaness/bilingual-embedding-base,/Users/ayushmunot/Desktop/OpenSource/mteb/mteb/models/model_implementations/misc_models.py,"PyTorch, Sentence Transformers","PyTorch, Sentence Transformers, safetensors, Transformers"
UPDATED,Lajavaness/bilingual-embedding-large,/Users/ayushmunot/Desktop/OpenSource/mteb/mteb/models/model_implementations/misc_models.py,"PyTorch, Sentence Transformers","PyTorch, Sentence Transformers, safetensors, Transformers"
UPDATED,Lajavaness/bilingual-embedding-small,/Users/ayushmunot/Desktop/OpenSource/mteb/mteb/models/model_implementations/misc_models.py,"PyTorch, Sentence Transformers","PyTorch, Sentence Transformers, safetensors, Transformers"
UPDATED,Linq-AI-Research/Linq-Embed-Mistral,/Users/ayushmunot/Desktop/OpenSource/mteb/mteb/models/model_implementations/linq_models.py,"Sentence Transformers, PyTorch","Sentence Transformers, PyTorch, safetensors, Transformers"
UPDATED,McGill-NLP/LLM2Vec-Llama-2-7b-chat-hf-mntp-supervised,/Users/ayushmunot/Desktop/OpenSource/mteb/mteb/models/model_implementations/llm2vec_models.py,"LLM2Vec, PyTorch","LLM2Vec, PyTorch, safetensors"
UPDATED,McGill-NLP/LLM2Vec-Llama-2-7b-chat-hf-mntp-unsup-simcse,/Users/ayushmunot/Desktop/OpenSource/mteb/mteb/models/model_implementations/llm2vec_models.py,"LLM2Vec, PyTorch","LLM2Vec, PyTorch, safetensors"
UPDATED,McGill-NLP/LLM2Vec-Meta-Llama-3-8B-Instruct-mntp-supervised,/Users/ayushmunot/Desktop/OpenSource/mteb/mteb/models/model_implementations/llm2vec_models.py,"LLM2Vec, PyTorch","LLM2Vec, PyTorch, safetensors"
UPDATED,McGill-NLP/LLM2Vec-Meta-Llama-3-8B-Instruct-mntp-unsup-simcse,/Users/ayushmunot/Desktop/OpenSource/mteb/mteb/models/model_implementations/llm2vec_models.py,"LLM2Vec, PyTorch","LLM2Vec, PyTorch, safetensors"
UPDATED,McGill-NLP/LLM2Vec-Mistral-7B-Instruct-v2-mntp-supervised,/Users/ayushmunot/Desktop/OpenSource/mteb/mteb/models/model_implementations/llm2vec_models.py,"LLM2Vec, PyTorch","LLM2Vec, PyTorch, safetensors"
UPDATED,McGill-NLP/LLM2Vec-Mistral-7B-Instruct-v2-mntp-unsup-simcse,/Users/ayushmunot/Desktop/OpenSource/mteb/mteb/models/model_implementations/llm2vec_models.py,"LLM2Vec, PyTorch","LLM2Vec, PyTorch, safetensors"
UPDATED,McGill-NLP/LLM2Vec-Sheared-LLaMA-mntp-supervised,/Users/ayushmunot/Desktop/OpenSource/mteb/mteb/models/model_implementations/llm2vec_models.py,"LLM2Vec, PyTorch","LLM2Vec, PyTorch, safetensors"
UPDATED,McGill-NLP/LLM2Vec-Sheared-LLaMA-mntp-unsup-simcse,/Users/ayushmunot/Desktop/OpenSource/mteb/mteb/models/model_implementations/llm2vec_models.py,"LLM2Vec, PyTorch","LLM2Vec, PyTorch, safetensors"
UPDATED,Mihaiii/Bulbasaur,/Users/ayushmunot/Desktop/OpenSource/mteb/mteb/models/model_implementations/misc_models.py,"PyTorch, Sentence Transformers","PyTorch, Sentence Transformers, ONNX, safetensors"
UPDATED,Mihaiii/Ivysaur,/Users/ayushmunot/Desktop/OpenSource/mteb/mteb/models/model_implementations/misc_models.py,"PyTorch, Sentence Transformers","PyTorch, Sentence Transformers, ONNX, safetensors"
UPDATED,Mihaiii/Squirtle,/Users/ayushmunot/Desktop/OpenSource/mteb/mteb/models/model_implementations/misc_models.py,"PyTorch, Sentence Transformers","PyTorch, Sentence Transformers, ONNX, safetensors"
UPDATED,Mihaiii/Venusaur,/Users/ayushmunot/Desktop/OpenSource/mteb/mteb/models/model_implementations/misc_models.py,"PyTorch, Sentence Transformers","PyTorch, Sentence Transformers, ONNX, safetensors"
UPDATED,Mihaiii/Wartortle,/Users/ayushmunot/Desktop/OpenSource/mteb/mteb/models/model_implementations/misc_models.py,"PyTorch, Sentence Transformers","PyTorch, Sentence Transformers, ONNX, safetensors"
UPDATED,Mihaiii/gte-micro,/Users/ayushmunot/Desktop/OpenSource/mteb/mteb/models/model_implementations/misc_models.py,"PyTorch, Sentence Transformers","PyTorch, Sentence Transformers, ONNX, safetensors"
UPDATED,Mihaiii/gte-micro-v4,/Users/ayushmunot/Desktop/OpenSource/mteb/mteb/models/model_implementations/misc_models.py,"PyTorch, Sentence Transformers","PyTorch, Sentence Transformers, ONNX, safetensors"
UPDATED,Mira190/Euler-Legal-Embedding-V1,/Users/ayushmunot/Desktop/OpenSource/mteb/mteb/models/model_implementations/euler_models.py,"PyTorch, Sentence Transformers","PyTorch, Sentence Transformers, safetensors, Transformers"
UPDATED,MongoDB/mdbr-leaf-ir,/Users/ayushmunot/Desktop/OpenSource/mteb/mteb/models/model_implementations/mdbr_models.py,"Sentence Transformers, PyTorch","Sentence Transformers, PyTorch, ONNX, safetensors, Transformers"
UPDATED,MongoDB/mdbr-leaf-mt,/Users/ayushmunot/Desktop/OpenSource/mteb/mteb/models/model_implementations/mdbr_models.py,"Sentence Transformers, PyTorch","Sentence Transformers, PyTorch, ONNX, safetensors, Transformers"
UPDATED,NbAiLab/nb-bert-base,/Users/ayushmunot/Desktop/OpenSource/mteb/mteb/models/model_implementations/nbailab.py,"Sentence Transformers, PyTorch","Sentence Transformers, PyTorch, Transformers, safetensors"
UPDATED,NbAiLab/nb-bert-large,/Users/ayushmunot/Desktop/OpenSource/mteb/mteb/models/model_implementations/nbailab.py,"Sentence Transformers, PyTorch","Sentence Transformers, PyTorch, Transformers, safetensors"
UPDATED,NbAiLab/nb-sbert-base,/Users/ayushmunot/Desktop/OpenSource/mteb/mteb/models/model_implementations/nbailab.py,"Sentence Transformers, PyTorch","Sentence Transformers, PyTorch, safetensors, Transformers"
UPDATED,NeuML/pubmedbert-base-embeddings-100K,/Users/ayushmunot/Desktop/OpenSource/mteb/mteb/models/model_implementations/model2vec_models.py,NumPy,"NumPy, Sentence Transformers, safetensors, Transformers"
UPDATED,NeuML/pubmedbert-base-embeddings-1M,/Users/ayushmunot/Desktop/OpenSource/mteb/mteb/models/model_implementations/model2vec_models.py,NumPy,"NumPy, Sentence Transformers, safetensors, Transformers"
UPDATED,NeuML/pubmedbert-base-embeddings-2M,/Users/ayushmunot/Desktop/OpenSource/mteb/mteb/models/model_implementations/model2vec_models.py,NumPy,"NumPy, Sentence Transformers, safetensors, Transformers"
UPDATED,NeuML/pubmedbert-base-embeddings-500K,/Users/ayushmunot/Desktop/OpenSource/mteb/mteb/models/model_implementations/model2vec_models.py,NumPy,"NumPy, Sentence Transformers, safetensors, Transformers"
UPDATED,NeuML/pubmedbert-base-embeddings-8M,/Users/ayushmunot/Desktop/OpenSource/mteb/mteb/models/model_implementations/model2vec_models.py,NumPy,"NumPy, Sentence Transformers, safetensors, Transformers"
UPDATED,NovaSearch/jasper_en_vision_language_v1,/Users/ayushmunot/Desktop/OpenSource/mteb/mteb/models/model_implementations/jasper_models.py,"Sentence Transformers, PyTorch","Sentence Transformers, PyTorch, safetensors"
UPDATED,NovaSearch/stella_en_1.5B_v5,/Users/ayushmunot/Desktop/OpenSource/mteb/mteb/models/model_implementations/stella_models.py,"Sentence Transformers, PyTorch, GritLM","Sentence Transformers, PyTorch, GritLM, ONNX, safetensors, Transformers"
UPDATED,NovaSearch/stella_en_400M_v5,/Users/ayushmunot/Desktop/OpenSource/mteb/mteb/models/model_implementations/stella_models.py,"Sentence Transformers, PyTorch, GritLM","Sentence Transformers, PyTorch, GritLM, safetensors, Transformers"
UPDATED,Omartificial-Intelligence-Space/Arabert-all-nli-triplet-Matryoshka,/Users/ayushmunot/Desktop/OpenSource/mteb/mteb/models/model_implementations/misc_models.py,"PyTorch, Sentence Transformers","PyTorch, Sentence Transformers, safetensors, Transformers"
UPDATED,Omartificial-Intelligence-Space/Arabic-MiniLM-L12-v2-all-nli-triplet,/Users/ayushmunot/Desktop/OpenSource/mteb/mteb/models/model_implementations/misc_models.py,"PyTorch, Sentence Transformers","PyTorch, Sentence Transformers, safetensors"
UPDATED,Omartificial-Intelligence-Space/Arabic-Triplet-Matryoshka-V2,/Users/ayushmunot/Desktop/OpenSource/mteb/mteb/models/model_implementations/ara_models.py,"Sentence Transformers, PyTorch","Sentence Transformers, PyTorch, safetensors, Transformers"
UPDATED,Omartificial-Intelligence-Space/Arabic-all-nli-triplet-Matryoshka,/Users/ayushmunot/Desktop/OpenSource/mteb/mteb/models/model_implementations/misc_models.py,"PyTorch, Sentence Transformers","PyTorch, Sentence Transformers, safetensors"
UPDATED,Omartificial-Intelligence-Space/Arabic-labse-Matryoshka,/Users/ayushmunot/Desktop/OpenSource/mteb/mteb/models/model_implementations/misc_models.py,"PyTorch, Sentence Transformers","PyTorch, Sentence Transformers, safetensors"
UPDATED,Omartificial-Intelligence-Space/Arabic-mpnet-base-all-nli-triplet,/Users/ayushmunot/Desktop/OpenSource/mteb/mteb/models/model_implementations/misc_models.py,"PyTorch, Sentence Transformers","PyTorch, Sentence Transformers, safetensors"
UPDATED,Omartificial-Intelligence-Space/Marbert-all-nli-triplet-Matryoshka,/Users/ayushmunot/Desktop/OpenSource/mteb/mteb/models/model_implementations/misc_models.py,"PyTorch, Sentence Transformers","PyTorch, Sentence Transformers, safetensors"
UPDATED,OpenSearch-AI/Ops-MoA-Yuan-embedding-1.0,/Users/ayushmunot/Desktop/OpenSource/mteb/mteb/models/model_implementations/ops_moa_models.py,"PyTorch, Sentence Transformers","PyTorch, Sentence Transformers, safetensors"
UPDATED,OrdalieTech/Solon-embeddings-large-0.1,/Users/ayushmunot/Desktop/OpenSource/mteb/mteb/models/model_implementations/misc_models.py,PyTorch,"PyTorch, Transformers, safetensors"
UPDATED,OrdalieTech/Solon-embeddings-mini-beta-1.1,/Users/ayushmunot/Desktop/OpenSource/mteb/mteb/models/model_implementations/ordalietech_solon_embeddings_mini_beta_1_1.py,"Sentence Transformers, PyTorch","Sentence Transformers, PyTorch, safetensors"
UPDATED,PartAI/Tooka-SBERT,/Users/ayushmunot/Desktop/OpenSource/mteb/mteb/models/model_implementations/fa_models.py,"Sentence Transformers, PyTorch","Sentence Transformers, PyTorch, safetensors"
UPDATED,PartAI/Tooka-SBERT-V2-Large,/Users/ayushmunot/Desktop/OpenSource/mteb/mteb/models/model_implementations/fa_models.py,"Sentence Transformers, PyTorch","Sentence Transformers, PyTorch, safetensors"
UPDATED,PartAI/Tooka-SBERT-V2-Small,/Users/ayushmunot/Desktop/OpenSource/mteb/mteb/models/model_implementations/fa_models.py,"Sentence Transformers, PyTorch","Sentence Transformers, PyTorch, safetensors"
UPDATED,PartAI/TookaBERT-Base,/Users/ayushmunot/Desktop/OpenSource/mteb/mteb/models/model_implementations/fa_models.py,"Sentence Transformers, PyTorch","Sentence Transformers, PyTorch, Transformers, safetensors"
UPDATED,Qodo/Qodo-Embed-1-1.5B,/Users/ayushmunot/Desktop/OpenSource/mteb/mteb/models/model_implementations/qodo_models.py,"Sentence Transformers, PyTorch","Sentence Transformers, PyTorch, safetensors, Transformers"
UPDATED,Qodo/Qodo-Embed-1-7B,/Users/ayushmunot/Desktop/OpenSource/mteb/mteb/models/model_implementations/qodo_models.py,"Sentence Transformers, PyTorch","Sentence Transformers, PyTorch, safetensors, Transformers"
UPDATED,Qwen/Qwen3-Embedding-0.6B,/Users/ayushmunot/Desktop/OpenSource/mteb/mteb/models/model_implementations/qwen3_models.py,"Sentence Transformers, PyTorch","Sentence Transformers, PyTorch, safetensors, Transformers"
UPDATED,Qwen/Qwen3-Embedding-4B,/Users/ayushmunot/Desktop/OpenSource/mteb/mteb/models/model_implementations/qwen3_models.py,"Sentence Transformers, PyTorch","Sentence Transformers, PyTorch, safetensors, Transformers"
UPDATED,Qwen/Qwen3-Embedding-8B,/Users/ayushmunot/Desktop/OpenSource/mteb/mteb/models/model_implementations/qwen3_models.py,"Sentence Transformers, PyTorch","Sentence Transformers, PyTorch, safetensors, Transformers"
UPDATED,ReasonIR/ReasonIR-8B,/Users/ayushmunot/Desktop/OpenSource/mteb/mteb/models/model_implementations/reasonir_model.py,"Sentence Transformers, PyTorch","Sentence Transformers, PyTorch, Transformers, safetensors"
UPDATED,Sailesh97/Hinvec,/Users/ayushmunot/Desktop/OpenSource/mteb/mteb/models/model_implementations/hinvec_models.py,"Sentence Transformers, PyTorch","Sentence Transformers, PyTorch, Transformers, safetensors"
UPDATED,Salesforce/SFR-Embedding-2_R,/Users/ayushmunot/Desktop/OpenSource/mteb/mteb/models/model_implementations/salesforce_models.py,"Sentence Transformers, PyTorch","Sentence Transformers, PyTorch, safetensors, Transformers"
UPDATED,Salesforce/SFR-Embedding-Code-2B_R,/Users/ayushmunot/Desktop/OpenSource/mteb/mteb/models/model_implementations/salesforce_models.py,"Sentence Transformers, PyTorch","Sentence Transformers, PyTorch, safetensors, Transformers"
UPDATED,Salesforce/SFR-Embedding-Mistral,/Users/ayushmunot/Desktop/OpenSource/mteb/mteb/models/model_implementations/salesforce_models.py,"Sentence Transformers, PyTorch","Sentence Transformers, PyTorch, safetensors, Transformers"
UPDATED,Salesforce/blip-image-captioning-base,/Users/ayushmunot/Desktop/OpenSource/mteb/mteb/models/model_implementations/blip_models.py,PyTorch,"PyTorch, Transformers"
UPDATED,Salesforce/blip-image-captioning-large,/Users/ayushmunot/Desktop/OpenSource/mteb/mteb/models/model_implementations/blip_models.py,PyTorch,"PyTorch, Transformers, safetensors"
UPDATED,Salesforce/blip-itm-base-coco,/Users/ayushmunot/Desktop/OpenSource/mteb/mteb/models/model_implementations/blip_models.py,PyTorch,"PyTorch, Transformers"
UPDATED,Salesforce/blip-itm-base-flickr,/Users/ayushmunot/Desktop/OpenSource/mteb/mteb/models/model_implementations/blip_models.py,PyTorch,"PyTorch, Transformers"
UPDATED,Salesforce/blip-itm-large-coco,/Users/ayushmunot/Desktop/OpenSource/mteb/mteb/models/model_implementations/blip_models.py,PyTorch,"PyTorch, Transformers"
UPDATED,Salesforce/blip-itm-large-flickr,/Users/ayushmunot/Desktop/OpenSource/mteb/mteb/models/model_implementations/blip_models.py,PyTorch,"PyTorch, Transformers"
UPDATED,Salesforce/blip-vqa-base,/Users/ayushmunot/Desktop/OpenSource/mteb/mteb/models/model_implementations/blip_models.py,PyTorch,"PyTorch, Transformers, safetensors"
UPDATED,Salesforce/blip-vqa-capfilt-large,/Users/ayushmunot/Desktop/OpenSource/mteb/mteb/models/model_implementations/blip_models.py,PyTorch,"PyTorch, Transformers"
UPDATED,Salesforce/blip2-opt-2.7b,/Users/ayushmunot/Desktop/OpenSource/mteb/mteb/models/model_implementations/blip2_models.py,PyTorch,"PyTorch, Transformers, safetensors"
UPDATED,Salesforce/blip2-opt-6.7b-coco,/Users/ayushmunot/Desktop/OpenSource/mteb/mteb/models/model_implementations/blip2_models.py,PyTorch,"PyTorch, Transformers, safetensors"
UPDATED,SamilPwC-AXNode-GenAI/PwC-Embedding_expr,/Users/ayushmunot/Desktop/OpenSource/mteb/mteb/models/model_implementations/samilpwc_models.py,"Sentence Transformers, PyTorch","Sentence Transformers, PyTorch, safetensors, Transformers"
UPDATED,Shuu12121/CodeSearch-ModernBERT-Crow-Plus,/Users/ayushmunot/Desktop/OpenSource/mteb/mteb/models/model_implementations/shuu_model.py,"Sentence Transformers, PyTorch","Sentence Transformers, PyTorch, safetensors"
UPDATED,Snowflake/snowflake-arctic-embed-l,/Users/ayushmunot/Desktop/OpenSource/mteb/mteb/models/model_implementations/arctic_models.py,"Sentence Transformers, PyTorch","Sentence Transformers, PyTorch, ONNX, safetensors"
UPDATED,Snowflake/snowflake-arctic-embed-l-v2.0,/Users/ayushmunot/Desktop/OpenSource/mteb/mteb/models/model_implementations/arctic_models.py,"Sentence Transformers, PyTorch","Sentence Transformers, PyTorch, ONNX, safetensors"
UPDATED,Snowflake/snowflake-arctic-embed-m,/Users/ayushmunot/Desktop/OpenSource/mteb/mteb/models/model_implementations/arctic_models.py,"Sentence Transformers, PyTorch","Sentence Transformers, PyTorch, ONNX, safetensors"
UPDATED,Snowflake/snowflake-arctic-embed-m-long,/Users/ayushmunot/Desktop/OpenSource/mteb/mteb/models/model_implementations/arctic_models.py,"Sentence Transformers, PyTorch","Sentence Transformers, PyTorch, ONNX, safetensors"
UPDATED,Snowflake/snowflake-arctic-embed-m-v1.5,/Users/ayushmunot/Desktop/OpenSource/mteb/mteb/models/model_implementations/arctic_models.py,"Sentence Transformers, PyTorch","Sentence Transformers, PyTorch, ONNX, safetensors, GGUF"
UPDATED,Snowflake/snowflake-arctic-embed-m-v2.0,/Users/ayushmunot/Desktop/OpenSource/mteb/mteb/models/model_implementations/arctic_models.py,"Sentence Transformers, PyTorch","Sentence Transformers, PyTorch, ONNX, safetensors"
UPDATED,Snowflake/snowflake-arctic-embed-s,/Users/ayushmunot/Desktop/OpenSource/mteb/mteb/models/model_implementations/arctic_models.py,"Sentence Transformers, PyTorch","Sentence Transformers, PyTorch, ONNX, safetensors"
UPDATED,Snowflake/snowflake-arctic-embed-xs,/Users/ayushmunot/Desktop/OpenSource/mteb/mteb/models/model_implementations/arctic_models.py,"Sentence Transformers, PyTorch","Sentence Transformers, PyTorch, ONNX, safetensors"
UPDATED,TIGER-Lab/VLM2Vec-Full,/Users/ayushmunot/Desktop/OpenSource/mteb/mteb/models/model_implementations/vlm2vec_models.py,PyTorch,"PyTorch, Transformers, safetensors"
UPDATED,TIGER-Lab/VLM2Vec-LoRA,/Users/ayushmunot/Desktop/OpenSource/mteb/mteb/models/model_implementations/vlm2vec_models.py,PyTorch,"PyTorch, Transformers"
UPDATED,Tarka-AIR/Tarka-Embedding-150M-V1,/Users/ayushmunot/Desktop/OpenSource/mteb/mteb/models/model_implementations/tarka_models.py,"Sentence Transformers, PyTorch","Sentence Transformers, PyTorch, safetensors"
UPDATED,Tarka-AIR/Tarka-Embedding-350M-V1,/Users/ayushmunot/Desktop/OpenSource/mteb/mteb/models/model_implementations/tarka_models.py,"Sentence Transformers, PyTorch","Sentence Transformers, PyTorch, safetensors"
UPDATED,TencentBAC/Conan-embedding-v1,/Users/ayushmunot/Desktop/OpenSource/mteb/mteb/models/model_implementations/misc_models.py,"PyTorch, Sentence Transformers","PyTorch, Sentence Transformers, safetensors"
UPDATED,TencentBAC/Conan-embedding-v2,/Users/ayushmunot/Desktop/OpenSource/mteb/mteb/models/model_implementations/conan_models.py,API,"API, Sentence Transformers, Transformers"
UPDATED,TomoroAI/tomoro-colqwen3-embed-4b,/Users/ayushmunot/Desktop/OpenSource/mteb/mteb/models/model_implementations/colqwen_models.py,PyTorch,"PyTorch, Transformers, safetensors"
UPDATED,TomoroAI/tomoro-colqwen3-embed-8b,/Users/ayushmunot/Desktop/OpenSource/mteb/mteb/models/model_implementations/colqwen_models.py,PyTorch,"PyTorch, Transformers, safetensors"
UPDATED,VPLabs/SearchMap_Preview,/Users/ayushmunot/Desktop/OpenSource/mteb/mteb/models/model_implementations/searchmap_models.py,"Sentence Transformers, PyTorch","Sentence Transformers, PyTorch, Transformers, safetensors"
UPDATED,VoVanPhuc/sup-SimCSE-VietNamese-phobert-base,/Users/ayushmunot/Desktop/OpenSource/mteb/mteb/models/model_implementations/vi_vn_models.py,"PyTorch, Sentence Transformers","PyTorch, Sentence Transformers, Transformers, safetensors"
UPDATED,WhereIsAI/UAE-Large-V1,/Users/ayushmunot/Desktop/OpenSource/mteb/mteb/models/model_implementations/uae_models.py,"Sentence Transformers, PyTorch","Sentence Transformers, PyTorch, ONNX, safetensors, Transformers"
UPDATED,aari1995/German_Semantic_STS_V2,/Users/ayushmunot/Desktop/OpenSource/mteb/mteb/models/model_implementations/misc_models.py,PyTorch,"PyTorch, Sentence Transformers, safetensors, Transformers"
UPDATED,abhinand/MedEmbed-small-v0.1,/Users/ayushmunot/Desktop/OpenSource/mteb/mteb/models/model_implementations/misc_models.py,PyTorch,"PyTorch, Sentence Transformers, safetensors"
UPDATED,ai-forever/FRIDA,/Users/ayushmunot/Desktop/OpenSource/mteb/mteb/models/model_implementations/ru_sentence_models.py,"Sentence Transformers, PyTorch","Sentence Transformers, PyTorch, safetensors, Transformers"
UPDATED,ai-forever/ru-en-RoSBERTa,/Users/ayushmunot/Desktop/OpenSource/mteb/mteb/models/model_implementations/ru_sentence_models.py,"Sentence Transformers, PyTorch","Sentence Transformers, PyTorch, safetensors, Transformers"
UPDATED,ai-forever/sbert_large_mt_nlu_ru,/Users/ayushmunot/Desktop/OpenSource/mteb/mteb/models/model_implementations/ru_sentence_models.py,"Sentence Transformers, PyTorch","Sentence Transformers, PyTorch, Transformers, safetensors"
UPDATED,ai-forever/sbert_large_nlu_ru,/Users/ayushmunot/Desktop/OpenSource/mteb/mteb/models/model_implementations/ru_sentence_models.py,"Sentence Transformers, PyTorch","Sentence Transformers, PyTorch, Transformers, safetensors"
UPDATED,ai-sage/Giga-Embeddings-instruct,/Users/ayushmunot/Desktop/OpenSource/mteb/mteb/models/model_implementations/ru_sentence_models.py,"Sentence Transformers, PyTorch","Sentence Transformers, PyTorch, safetensors, Transformers"
UPDATED,andersborges/model2vecdk,/Users/ayushmunot/Desktop/OpenSource/mteb/mteb/models/model_implementations/andersborges.py,"NumPy, Sentence Transformers","NumPy, Sentence Transformers, safetensors"
UPDATED,andersborges/model2vecdk-stem,/Users/ayushmunot/Desktop/OpenSource/mteb/mteb/models/model_implementations/andersborges.py,"NumPy, Sentence Transformers","NumPy, Sentence Transformers, safetensors"
UPDATED,annamodels/LGAI-Embedding-Preview,/Users/ayushmunot/Desktop/OpenSource/mteb/mteb/models/model_implementations/lgai_embedding_models.py,"Sentence Transformers, PyTorch","Sentence Transformers, PyTorch, safetensors, Transformers"
UPDATED,avsolatorio/GIST-Embedding-v0,/Users/ayushmunot/Desktop/OpenSource/mteb/mteb/models/model_implementations/misc_models.py,"PyTorch, Sentence Transformers","PyTorch, Sentence Transformers, safetensors"
UPDATED,avsolatorio/GIST-all-MiniLM-L6-v2,/Users/ayushmunot/Desktop/OpenSource/mteb/mteb/models/model_implementations/misc_models.py,"PyTorch, Sentence Transformers","PyTorch, Sentence Transformers, ONNX, safetensors"
UPDATED,avsolatorio/GIST-large-Embedding-v0,/Users/ayushmunot/Desktop/OpenSource/mteb/mteb/models/model_implementations/misc_models.py,"PyTorch, Sentence Transformers","PyTorch, Sentence Transformers, safetensors"
UPDATED,avsolatorio/GIST-small-Embedding-v0,/Users/ayushmunot/Desktop/OpenSource/mteb/mteb/models/model_implementations/misc_models.py,"PyTorch, Sentence Transformers","PyTorch, Sentence Transformers, ONNX, safetensors"
UPDATED,avsolatorio/NoInstruct-small-Embedding-v0,/Users/ayushmunot/Desktop/OpenSource/mteb/mteb/models/model_implementations/no_instruct_sentence_models.py,PyTorch,"PyTorch, Sentence Transformers, safetensors, Transformers"
UPDATED,bflhc/MoD-Embedding,/Users/ayushmunot/Desktop/OpenSource/mteb/mteb/models/model_implementations/mod_models.py,"Sentence Transformers, PyTorch","Sentence Transformers, PyTorch, safetensors"
UPDATED,bflhc/Octen-Embedding-4B,/Users/ayushmunot/Desktop/OpenSource/mteb/mteb/models/model_implementations/octen_models.py,"Sentence Transformers, PyTorch","Sentence Transformers, PyTorch, safetensors"
UPDATED,bflhc/Octen-Embedding-8B,/Users/ayushmunot/Desktop/OpenSource/mteb/mteb/models/model_implementations/octen_models.py,"Sentence Transformers, PyTorch","Sentence Transformers, PyTorch, safetensors"
UPDATED,bigscience/sgpt-bloom-7b1-msmarco,/Users/ayushmunot/Desktop/OpenSource/mteb/mteb/models/model_implementations/misc_models.py,PyTorch,"PyTorch, Sentence Transformers"
UPDATED,bisectgroup/BiCA-base,/Users/ayushmunot/Desktop/OpenSource/mteb/mteb/models/model_implementations/bica_model.py,"Sentence Transformers, PyTorch","Sentence Transformers, PyTorch, safetensors"
UPDATED,bkai-foundation-models/vietnamese-bi-encoder,/Users/ayushmunot/Desktop/OpenSource/mteb/mteb/models/model_implementations/vi_vn_models.py,"PyTorch, Sentence Transformers","PyTorch, Sentence Transformers, safetensors, Transformers"
UPDATED,brahmairesearch/slx-v0.1,/Users/ayushmunot/Desktop/OpenSource/mteb/mteb/models/model_implementations/misc_models.py,"PyTorch, Sentence Transformers","PyTorch, Sentence Transformers, safetensors, Transformers"
UPDATED,castorini/monobert-large-msmarco,/Users/ayushmunot/Desktop/OpenSource/mteb/mteb/models/model_implementations/rerankers_custom.py,"Sentence Transformers, PyTorch","Sentence Transformers, PyTorch, Transformers"
UPDATED,castorini/monot5-3b-msmarco-10k,/Users/ayushmunot/Desktop/OpenSource/mteb/mteb/models/model_implementations/rerankers_monot5_based.py,PyTorch,"PyTorch, Transformers"
UPDATED,castorini/monot5-base-msmarco-10k,/Users/ayushmunot/Desktop/OpenSource/mteb/mteb/models/model_implementations/rerankers_monot5_based.py,PyTorch,"PyTorch, Transformers"
UPDATED,castorini/monot5-large-msmarco-10k,/Users/ayushmunot/Desktop/OpenSource/mteb/mteb/models/model_implementations/rerankers_monot5_based.py,PyTorch,"PyTorch, Transformers"
UPDATED,castorini/monot5-small-msmarco-10k,/Users/ayushmunot/Desktop/OpenSource/mteb/mteb/models/model_implementations/rerankers_monot5_based.py,PyTorch,"PyTorch, Transformers"
UPDATED,cl-nagoya/ruri-base,/Users/ayushmunot/Desktop/OpenSource/mteb/mteb/models/model_implementations/ruri_models.py,"PyTorch, Sentence Transformers","PyTorch, Sentence Transformers, safetensors"
UPDATED,cl-nagoya/ruri-base-v2,/Users/ayushmunot/Desktop/OpenSource/mteb/mteb/models/model_implementations/ruri_models.py,"PyTorch, Sentence Transformers","PyTorch, Sentence Transformers, safetensors"
UPDATED,cl-nagoya/ruri-large,/Users/ayushmunot/Desktop/OpenSource/mteb/mteb/models/model_implementations/ruri_models.py,"PyTorch, Sentence Transformers","PyTorch, Sentence Transformers, safetensors"
UPDATED,cl-nagoya/ruri-large-v2,/Users/ayushmunot/Desktop/OpenSource/mteb/mteb/models/model_implementations/ruri_models.py,"PyTorch, Sentence Transformers","PyTorch, Sentence Transformers, safetensors"
UPDATED,cl-nagoya/ruri-small,/Users/ayushmunot/Desktop/OpenSource/mteb/mteb/models/model_implementations/ruri_models.py,"PyTorch, Sentence Transformers","PyTorch, Sentence Transformers, safetensors"
UPDATED,cl-nagoya/ruri-small-v2,/Users/ayushmunot/Desktop/OpenSource/mteb/mteb/models/model_implementations/ruri_models.py,"PyTorch, Sentence Transformers","PyTorch, Sentence Transformers, safetensors"
UPDATED,cl-nagoya/ruri-v3-130m,/Users/ayushmunot/Desktop/OpenSource/mteb/mteb/models/model_implementations/ruri_models.py,"PyTorch, Sentence Transformers","PyTorch, Sentence Transformers, safetensors"
UPDATED,cl-nagoya/ruri-v3-30m,/Users/ayushmunot/Desktop/OpenSource/mteb/mteb/models/model_implementations/ruri_models.py,"PyTorch, Sentence Transformers","PyTorch, Sentence Transformers, safetensors"
UPDATED,cl-nagoya/ruri-v3-310m,/Users/ayushmunot/Desktop/OpenSource/mteb/mteb/models/model_implementations/ruri_models.py,"PyTorch, Sentence Transformers","PyTorch, Sentence Transformers, safetensors"
UPDATED,cl-nagoya/ruri-v3-70m,/Users/ayushmunot/Desktop/OpenSource/mteb/mteb/models/model_implementations/ruri_models.py,"PyTorch, Sentence Transformers","PyTorch, Sentence Transformers, safetensors"
UPDATED,clips/e5-base-trm-nl,/Users/ayushmunot/Desktop/OpenSource/mteb/mteb/models/model_implementations/clips_models.py,"Sentence Transformers, PyTorch","Sentence Transformers, PyTorch, safetensors, Transformers"
UPDATED,clips/e5-large-trm-nl,/Users/ayushmunot/Desktop/OpenSource/mteb/mteb/models/model_implementations/clips_models.py,"Sentence Transformers, PyTorch","Sentence Transformers, PyTorch, safetensors, Transformers"
UPDATED,clips/e5-small-trm-nl,/Users/ayushmunot/Desktop/OpenSource/mteb/mteb/models/model_implementations/clips_models.py,"Sentence Transformers, PyTorch","Sentence Transformers, PyTorch, safetensors, Transformers"
UPDATED,codefuse-ai/C2LLM-0.5B,/Users/ayushmunot/Desktop/OpenSource/mteb/mteb/models/model_implementations/codefuse_models.py,"PyTorch, Sentence Transformers","PyTorch, Sentence Transformers, Transformers, safetensors"
UPDATED,codefuse-ai/C2LLM-7B,/Users/ayushmunot/Desktop/OpenSource/mteb/mteb/models/model_implementations/codefuse_models.py,"PyTorch, Sentence Transformers","PyTorch, Sentence Transformers, Transformers, safetensors"
UPDATED,codefuse-ai/F2LLM-0.6B,/Users/ayushmunot/Desktop/OpenSource/mteb/mteb/models/model_implementations/codefuse_models.py,"Sentence Transformers, PyTorch","Sentence Transformers, PyTorch, safetensors, Transformers"
UPDATED,codefuse-ai/F2LLM-1.7B,/Users/ayushmunot/Desktop/OpenSource/mteb/mteb/models/model_implementations/codefuse_models.py,"Sentence Transformers, PyTorch","Sentence Transformers, PyTorch, safetensors, Transformers"
UPDATED,codefuse-ai/F2LLM-4B,/Users/ayushmunot/Desktop/OpenSource/mteb/mteb/models/model_implementations/codefuse_models.py,"Sentence Transformers, PyTorch","Sentence Transformers, PyTorch, safetensors, Transformers"
UPDATED,codesage/codesage-base-v2,/Users/ayushmunot/Desktop/OpenSource/mteb/mteb/models/model_implementations/codesage_models.py,PyTorch,"PyTorch, Transformers"
UPDATED,codesage/codesage-large-v2,/Users/ayushmunot/Desktop/OpenSource/mteb/mteb/models/model_implementations/codesage_models.py,PyTorch,"PyTorch, Transformers"
UPDATED,codesage/codesage-small-v2,/Users/ayushmunot/Desktop/OpenSource/mteb/mteb/models/model_implementations/codesage_models.py,PyTorch,"PyTorch, Transformers"
UPDATED,cointegrated/LaBSE-en-ru,/Users/ayushmunot/Desktop/OpenSource/mteb/mteb/models/model_implementations/ru_sentence_models.py,"Sentence Transformers, PyTorch","Sentence Transformers, PyTorch, Transformers, safetensors"
UPDATED,cointegrated/rubert-tiny,/Users/ayushmunot/Desktop/OpenSource/mteb/mteb/models/model_implementations/ru_sentence_models.py,"Sentence Transformers, PyTorch","Sentence Transformers, PyTorch, Transformers, safetensors"
UPDATED,cointegrated/rubert-tiny2,/Users/ayushmunot/Desktop/OpenSource/mteb/mteb/models/model_implementations/ru_sentence_models.py,"Sentence Transformers, PyTorch","Sentence Transformers, PyTorch, safetensors, Transformers"
UPDATED,colbert-ir/colbertv2.0,/Users/ayushmunot/Desktop/OpenSource/mteb/mteb/models/model_implementations/pylate_models.py,"PyLate, ColBERT","PyLate, ColBERT, Transformers, ONNX, safetensors"
UPDATED,consciousAI/cai-lunaris-text-embeddings,/Users/ayushmunot/Desktop/OpenSource/mteb/mteb/models/model_implementations/misc_models.py,PyTorch,"PyTorch, Sentence Transformers, Transformers"
UPDATED,consciousAI/cai-stellaris-text-embeddings,/Users/ayushmunot/Desktop/OpenSource/mteb/mteb/models/model_implementations/misc_models.py,PyTorch,"PyTorch, Sentence Transformers"
UPDATED,deepfile/embedder-100p,/Users/ayushmunot/Desktop/OpenSource/mteb/mteb/models/model_implementations/misc_models.py,PyTorch,"PyTorch, Transformers, safetensors"
UPDATED,deepvk/USER-base,/Users/ayushmunot/Desktop/OpenSource/mteb/mteb/models/model_implementations/ru_sentence_models.py,"Sentence Transformers, PyTorch","Sentence Transformers, PyTorch, safetensors"
UPDATED,deepvk/USER-bge-m3,/Users/ayushmunot/Desktop/OpenSource/mteb/mteb/models/model_implementations/ru_sentence_models.py,"Sentence Transformers, PyTorch","Sentence Transformers, PyTorch, safetensors"
UPDATED,deepvk/USER2-base,/Users/ayushmunot/Desktop/OpenSource/mteb/mteb/models/model_implementations/ru_sentence_models.py,"Sentence Transformers, PyTorch","Sentence Transformers, PyTorch, safetensors"
UPDATED,deepvk/USER2-small,/Users/ayushmunot/Desktop/OpenSource/mteb/mteb/models/model_implementations/ru_sentence_models.py,"Sentence Transformers, PyTorch","Sentence Transformers, PyTorch, safetensors"
UPDATED,deepvk/deberta-v1-base,/Users/ayushmunot/Desktop/OpenSource/mteb/mteb/models/model_implementations/ru_sentence_models.py,"Sentence Transformers, PyTorch","Sentence Transformers, PyTorch, Transformers, safetensors"
UPDATED,dmedhi/PawanEmbd-68M,/Users/ayushmunot/Desktop/OpenSource/mteb/mteb/models/model_implementations/pawan_models.py,"Sentence Transformers, PyTorch","Sentence Transformers, PyTorch, safetensors"
UPDATED,dunzhang/stella-mrl-large-zh-v3.5-1792d,/Users/ayushmunot/Desktop/OpenSource/mteb/mteb/models/model_implementations/stella_models.py,"Sentence Transformers, PyTorch","Sentence Transformers, PyTorch, safetensors"
UPDATED,dwzhu/e5-base-4k,/Users/ayushmunot/Desktop/OpenSource/mteb/mteb/models/model_implementations/misc_models.py,PyTorch,"PyTorch, Transformers"
UPDATED,eagerworks/eager-embed-v1,/Users/ayushmunot/Desktop/OpenSource/mteb/mteb/models/model_implementations/eagerworks_models.py,Tevatron,"Tevatron, safetensors"
UPDATED,emillykkejensen/EmbeddingGemma-Scandi-300m,/Users/ayushmunot/Desktop/OpenSource/mteb/mteb/models/model_implementations/emillykkejensen_models.py,"Sentence Transformers, PyTorch","Sentence Transformers, PyTorch, safetensors"
UPDATED,emillykkejensen/Qwen3-Embedding-Scandi-0.6B,/Users/ayushmunot/Desktop/OpenSource/mteb/mteb/models/model_implementations/emillykkejensen_models.py,"Sentence Transformers, PyTorch","Sentence Transformers, PyTorch, safetensors"
UPDATED,emillykkejensen/mmBERTscandi-base-embedding,/Users/ayushmunot/Desktop/OpenSource/mteb/mteb/models/model_implementations/emillykkejensen_models.py,"Sentence Transformers, PyTorch","Sentence Transformers, PyTorch, safetensors"
UPDATED,facebook/contriever-msmarco,/Users/ayushmunot/Desktop/OpenSource/mteb/mteb/models/model_implementations/sentence_transformers_models.py,"Sentence Transformers, PyTorch","Sentence Transformers, PyTorch, Transformers"
UPDATED,facebook/dinov2-base,/Users/ayushmunot/Desktop/OpenSource/mteb/mteb/models/model_implementations/dino_models.py,PyTorch,"PyTorch, Transformers, safetensors"
UPDATED,facebook/dinov2-giant,/Users/ayushmunot/Desktop/OpenSource/mteb/mteb/models/model_implementations/dino_models.py,PyTorch,"PyTorch, Transformers, safetensors"
UPDATED,facebook/dinov2-large,/Users/ayushmunot/Desktop/OpenSource/mteb/mteb/models/model_implementations/dino_models.py,PyTorch,"PyTorch, Transformers, safetensors"
UPDATED,facebook/dinov2-small,/Users/ayushmunot/Desktop/OpenSource/mteb/mteb/models/model_implementations/dino_models.py,PyTorch,"PyTorch, Transformers, safetensors"
UPDATED,facebook/webssl-dino1b-full2b-224,/Users/ayushmunot/Desktop/OpenSource/mteb/mteb/models/model_implementations/dino_models.py,PyTorch,"PyTorch, Transformers, safetensors"
UPDATED,facebook/webssl-dino2b-full2b-224,/Users/ayushmunot/Desktop/OpenSource/mteb/mteb/models/model_implementations/dino_models.py,PyTorch,"PyTorch, Transformers, safetensors"
UPDATED,facebook/webssl-dino2b-heavy2b-224,/Users/ayushmunot/Desktop/OpenSource/mteb/mteb/models/model_implementations/dino_models.py,PyTorch,"PyTorch, Transformers, safetensors"
UPDATED,facebook/webssl-dino2b-light2b-224,/Users/ayushmunot/Desktop/OpenSource/mteb/mteb/models/model_implementations/dino_models.py,PyTorch,"PyTorch, Transformers, safetensors"
UPDATED,facebook/webssl-dino300m-full2b-224,/Users/ayushmunot/Desktop/OpenSource/mteb/mteb/models/model_implementations/dino_models.py,PyTorch,"PyTorch, Transformers, safetensors"
UPDATED,facebook/webssl-dino3b-full2b-224,/Users/ayushmunot/Desktop/OpenSource/mteb/mteb/models/model_implementations/dino_models.py,PyTorch,"PyTorch, Transformers, safetensors"
UPDATED,facebook/webssl-dino3b-heavy2b-224,/Users/ayushmunot/Desktop/OpenSource/mteb/mteb/models/model_implementations/dino_models.py,PyTorch,"PyTorch, Transformers, safetensors"
UPDATED,facebook/webssl-dino3b-light2b-224,/Users/ayushmunot/Desktop/OpenSource/mteb/mteb/models/model_implementations/dino_models.py,PyTorch,"PyTorch, Transformers, safetensors"
UPDATED,facebook/webssl-dino5b-full2b-224,/Users/ayushmunot/Desktop/OpenSource/mteb/mteb/models/model_implementations/dino_models.py,PyTorch,"PyTorch, Transformers, safetensors"
UPDATED,facebook/webssl-dino7b-full8b-224,/Users/ayushmunot/Desktop/OpenSource/mteb/mteb/models/model_implementations/dino_models.py,PyTorch,"PyTorch, Transformers, safetensors"
UPDATED,facebook/webssl-dino7b-full8b-378,/Users/ayushmunot/Desktop/OpenSource/mteb/mteb/models/model_implementations/dino_models.py,PyTorch,"PyTorch, Transformers, safetensors"
UPDATED,facebook/webssl-dino7b-full8b-518,/Users/ayushmunot/Desktop/OpenSource/mteb/mteb/models/model_implementations/dino_models.py,PyTorch,"PyTorch, Transformers, safetensors"
UPDATED,facebook/webssl-mae1b-full2b-224,/Users/ayushmunot/Desktop/OpenSource/mteb/mteb/models/model_implementations/dino_models.py,PyTorch,"PyTorch, Transformers, safetensors"
UPDATED,facebook/webssl-mae300m-full2b-224,/Users/ayushmunot/Desktop/OpenSource/mteb/mteb/models/model_implementations/dino_models.py,PyTorch,"PyTorch, Transformers, safetensors"
UPDATED,facebook/webssl-mae700m-full2b-224,/Users/ayushmunot/Desktop/OpenSource/mteb/mteb/models/model_implementations/dino_models.py,PyTorch,"PyTorch, Transformers, safetensors"
UPDATED,fyaronskiy/english_code_retriever,/Users/ayushmunot/Desktop/OpenSource/mteb/mteb/models/model_implementations/en_code_retriever.py,"Sentence Transformers, PyTorch","Sentence Transformers, PyTorch, safetensors"
UPDATED,google/embeddinggemma-300m,/Users/ayushmunot/Desktop/OpenSource/mteb/mteb/models/model_implementations/google_models.py,"Sentence Transformers, PyTorch","Sentence Transformers, PyTorch, safetensors"
UPDATED,google/flan-t5-base,/Users/ayushmunot/Desktop/OpenSource/mteb/mteb/models/model_implementations/rerankers_monot5_based.py,PyTorch,"PyTorch, Transformers, safetensors"
UPDATED,google/flan-t5-large,/Users/ayushmunot/Desktop/OpenSource/mteb/mteb/models/model_implementations/rerankers_monot5_based.py,PyTorch,"PyTorch, Transformers, safetensors"
UPDATED,google/flan-t5-xl,/Users/ayushmunot/Desktop/OpenSource/mteb/mteb/models/model_implementations/rerankers_monot5_based.py,PyTorch,"PyTorch, Transformers, safetensors"
UPDATED,google/flan-t5-xxl,/Users/ayushmunot/Desktop/OpenSource/mteb/mteb/models/model_implementations/rerankers_monot5_based.py,PyTorch,"PyTorch, Transformers, safetensors"
UPDATED,google/siglip-base-patch16-224,/Users/ayushmunot/Desktop/OpenSource/mteb/mteb/models/model_implementations/siglip_models.py,PyTorch,"PyTorch, Transformers, safetensors"
UPDATED,google/siglip-base-patch16-256,/Users/ayushmunot/Desktop/OpenSource/mteb/mteb/models/model_implementations/siglip_models.py,PyTorch,"PyTorch, Transformers, safetensors"
UPDATED,google/siglip-base-patch16-256-multilingual,/Users/ayushmunot/Desktop/OpenSource/mteb/mteb/models/model_implementations/siglip_models.py,PyTorch,"PyTorch, Transformers, safetensors"
UPDATED,google/siglip-base-patch16-384,/Users/ayushmunot/Desktop/OpenSource/mteb/mteb/models/model_implementations/siglip_models.py,PyTorch,"PyTorch, Transformers, safetensors"
UPDATED,google/siglip-base-patch16-512,/Users/ayushmunot/Desktop/OpenSource/mteb/mteb/models/model_implementations/siglip_models.py,PyTorch,"PyTorch, Transformers, safetensors"
UPDATED,google/siglip-large-patch16-256,/Users/ayushmunot/Desktop/OpenSource/mteb/mteb/models/model_implementations/siglip_models.py,PyTorch,"PyTorch, Transformers, safetensors"
UPDATED,google/siglip-large-patch16-384,/Users/ayushmunot/Desktop/OpenSource/mteb/mteb/models/model_implementations/siglip_models.py,PyTorch,"PyTorch, Transformers, safetensors"
UPDATED,google/siglip-so400m-patch14-224,/Users/ayushmunot/Desktop/OpenSource/mteb/mteb/models/model_implementations/siglip_models.py,PyTorch,"PyTorch, Transformers, safetensors"
UPDATED,google/siglip-so400m-patch14-384,/Users/ayushmunot/Desktop/OpenSource/mteb/mteb/models/model_implementations/siglip_models.py,PyTorch,"PyTorch, Transformers, safetensors"
UPDATED,google/siglip-so400m-patch16-256-i18n,/Users/ayushmunot/Desktop/OpenSource/mteb/mteb/models/model_implementations/siglip_models.py,PyTorch,"PyTorch, Transformers, safetensors"
UPDATED,hiieu/halong_embedding,/Users/ayushmunot/Desktop/OpenSource/mteb/mteb/models/model_implementations/vi_vn_models.py,"Sentence Transformers, PyTorch","Sentence Transformers, PyTorch, safetensors"
UPDATED,iampanda/zpoint_large_embedding_zh,/Users/ayushmunot/Desktop/OpenSource/mteb/mteb/models/model_implementations/stella_models.py,"Sentence Transformers, PyTorch","Sentence Transformers, PyTorch, safetensors"
UPDATED,ibm-granite/granite-embedding-107m-multilingual,/Users/ayushmunot/Desktop/OpenSource/mteb/mteb/models/model_implementations/ibm_granite_models.py,"Sentence Transformers, PyTorch","Sentence Transformers, PyTorch, Transformers, ONNX, safetensors"
UPDATED,ibm-granite/granite-embedding-125m-english,/Users/ayushmunot/Desktop/OpenSource/mteb/mteb/models/model_implementations/ibm_granite_models.py,"Sentence Transformers, PyTorch","Sentence Transformers, PyTorch, ONNX, safetensors, Transformers"
UPDATED,ibm-granite/granite-embedding-278m-multilingual,/Users/ayushmunot/Desktop/OpenSource/mteb/mteb/models/model_implementations/ibm_granite_models.py,"Sentence Transformers, PyTorch","Sentence Transformers, PyTorch, Transformers, ONNX, safetensors"
UPDATED,ibm-granite/granite-embedding-30m-english,/Users/ayushmunot/Desktop/OpenSource/mteb/mteb/models/model_implementations/ibm_granite_models.py,"Sentence Transformers, PyTorch","Sentence Transformers, PyTorch, ONNX, safetensors, Transformers"
UPDATED,ibm-granite/granite-embedding-english-r2,/Users/ayushmunot/Desktop/OpenSource/mteb/mteb/models/model_implementations/ibm_granite_models.py,"Sentence Transformers, PyTorch","Sentence Transformers, PyTorch, safetensors, Transformers"
UPDATED,ibm-granite/granite-embedding-small-english-r2,/Users/ayushmunot/Desktop/OpenSource/mteb/mteb/models/model_implementations/ibm_granite_models.py,"Sentence Transformers, PyTorch","Sentence Transformers, PyTorch, safetensors, Transformers"
UPDATED,ibm-granite/granite-vision-3.3-2b-embedding,/Users/ayushmunot/Desktop/OpenSource/mteb/mteb/models/model_implementations/granite_vision_embedding_models.py,PyTorch,"PyTorch, Transformers, safetensors"
UPDATED,infgrad/Jasper-Token-Compression-600M,/Users/ayushmunot/Desktop/OpenSource/mteb/mteb/models/model_implementations/jasper_models.py,"Sentence Transformers, PyTorch","Sentence Transformers, PyTorch, safetensors"
UPDATED,infgrad/stella-base-en-v2,/Users/ayushmunot/Desktop/OpenSource/mteb/mteb/models/model_implementations/misc_models.py,PyTorch,"PyTorch, Sentence Transformers"
UPDATED,infly/inf-retriever-v1,/Users/ayushmunot/Desktop/OpenSource/mteb/mteb/models/model_implementations/inf_models.py,"Sentence Transformers, PyTorch","Sentence Transformers, PyTorch, safetensors, Transformers"
UPDATED,infly/inf-retriever-v1-1.5b,/Users/ayushmunot/Desktop/OpenSource/mteb/mteb/models/model_implementations/inf_models.py,"Sentence Transformers, PyTorch","Sentence Transformers, PyTorch, safetensors, Transformers"
UPDATED,intfloat/e5-base,/Users/ayushmunot/Desktop/OpenSource/mteb/mteb/models/model_implementations/e5_models.py,"Sentence Transformers, PyTorch","Sentence Transformers, PyTorch, safetensors"
UPDATED,intfloat/e5-base-v2,/Users/ayushmunot/Desktop/OpenSource/mteb/mteb/models/model_implementations/e5_models.py,"Sentence Transformers, PyTorch","Sentence Transformers, PyTorch, ONNX, safetensors"
UPDATED,intfloat/e5-large,/Users/ayushmunot/Desktop/OpenSource/mteb/mteb/models/model_implementations/e5_models.py,"Sentence Transformers, PyTorch","Sentence Transformers, PyTorch, safetensors"
UPDATED,intfloat/e5-large-v2,/Users/ayushmunot/Desktop/OpenSource/mteb/mteb/models/model_implementations/e5_models.py,"Sentence Transformers, PyTorch","Sentence Transformers, PyTorch, ONNX, safetensors"
UPDATED,intfloat/e5-mistral-7b-instruct,/Users/ayushmunot/Desktop/OpenSource/mteb/mteb/models/model_implementations/e5_instruct.py,"GritLM, PyTorch, Sentence Transformers","GritLM, PyTorch, Sentence Transformers, safetensors, Transformers"
UPDATED,intfloat/e5-small,/Users/ayushmunot/Desktop/OpenSource/mteb/mteb/models/model_implementations/e5_models.py,"Sentence Transformers, PyTorch","Sentence Transformers, PyTorch, ONNX, safetensors"
UPDATED,intfloat/e5-small-v2,/Users/ayushmunot/Desktop/OpenSource/mteb/mteb/models/model_implementations/e5_models.py,"Sentence Transformers, PyTorch","Sentence Transformers, PyTorch, ONNX, safetensors"
UPDATED,intfloat/mmE5-mllama-11b-instruct,/Users/ayushmunot/Desktop/OpenSource/mteb/mteb/models/model_implementations/mme5_models.py,"Sentence Transformers, PyTorch","Sentence Transformers, PyTorch, Transformers, safetensors"
UPDATED,intfloat/multilingual-e5-base,/Users/ayushmunot/Desktop/OpenSource/mteb/mteb/models/model_implementations/e5_models.py,"Sentence Transformers, PyTorch","Sentence Transformers, PyTorch, ONNX, safetensors"
UPDATED,intfloat/multilingual-e5-large,/Users/ayushmunot/Desktop/OpenSource/mteb/mteb/models/model_implementations/e5_models.py,"Sentence Transformers, PyTorch","Sentence Transformers, PyTorch, ONNX, safetensors"
UPDATED,intfloat/multilingual-e5-large-instruct,/Users/ayushmunot/Desktop/OpenSource/mteb/mteb/models/model_implementations/e5_instruct.py,"GritLM, PyTorch, Sentence Transformers","GritLM, PyTorch, Sentence Transformers, ONNX, safetensors, Transformers"
UPDATED,intfloat/multilingual-e5-small,/Users/ayushmunot/Desktop/OpenSource/mteb/mteb/models/model_implementations/e5_models.py,"Sentence Transformers, PyTorch","Sentence Transformers, PyTorch, ONNX, safetensors"
UPDATED,izhx/udever-bloom-1b1,/Users/ayushmunot/Desktop/OpenSource/mteb/mteb/models/model_implementations/misc_models.py,PyTorch,"PyTorch, Transformers"
UPDATED,izhx/udever-bloom-3b,/Users/ayushmunot/Desktop/OpenSource/mteb/mteb/models/model_implementations/misc_models.py,PyTorch,"PyTorch, Transformers"
UPDATED,izhx/udever-bloom-560m,/Users/ayushmunot/Desktop/OpenSource/mteb/mteb/models/model_implementations/misc_models.py,PyTorch,"PyTorch, Transformers"
UPDATED,izhx/udever-bloom-7b1,/Users/ayushmunot/Desktop/OpenSource/mteb/mteb/models/model_implementations/misc_models.py,PyTorch,"PyTorch, Transformers"
UPDATED,jhu-clsp/FollowIR-7B,/Users/ayushmunot/Desktop/OpenSource/mteb/mteb/models/model_implementations/rerankers_monot5_based.py,PyTorch,"PyTorch, Transformers, safetensors"
UPDATED,jinaai/jina-clip-v1,/Users/ayushmunot/Desktop/OpenSource/mteb/mteb/models/model_implementations/jina_clip.py,PyTorch,"PyTorch, Transformers, ONNX, safetensors"
UPDATED,jinaai/jina-colbert-v2,/Users/ayushmunot/Desktop/OpenSource/mteb/mteb/models/model_implementations/pylate_models.py,"PyLate, ColBERT","PyLate, ColBERT, ONNX, safetensors"
UPDATED,jinaai/jina-embeddings-v2-base-en,/Users/ayushmunot/Desktop/OpenSource/mteb/mteb/models/model_implementations/jina_models.py,"Sentence Transformers, PyTorch","Sentence Transformers, PyTorch, ONNX, safetensors"
UPDATED,jinaai/jina-embeddings-v2-small-en,/Users/ayushmunot/Desktop/OpenSource/mteb/mteb/models/model_implementations/jina_models.py,"Sentence Transformers, PyTorch","Sentence Transformers, PyTorch, ONNX, safetensors"
UPDATED,jinaai/jina-embeddings-v3,/Users/ayushmunot/Desktop/OpenSource/mteb/mteb/models/model_implementations/jina_models.py,"Sentence Transformers, PyTorch","Sentence Transformers, PyTorch, Transformers, ONNX, safetensors"
UPDATED,jinaai/jina-embeddings-v4,/Users/ayushmunot/Desktop/OpenSource/mteb/mteb/models/model_implementations/jina_models.py,"Sentence Transformers, PyTorch","Sentence Transformers, PyTorch, Transformers, safetensors"
UPDATED,jinaai/jina-reranker-v2-base-multilingual,/Users/ayushmunot/Desktop/OpenSource/mteb/mteb/models/model_implementations/rerankers_custom.py,"Sentence Transformers, PyTorch","Sentence Transformers, PyTorch, Transformers, ONNX, safetensors"
UPDATED,jinaai/jina-reranker-v3,/Users/ayushmunot/Desktop/OpenSource/mteb/mteb/models/model_implementations/jina_models.py,PyTorch,"PyTorch, Transformers, safetensors"
UPDATED,jxm/cde-small-v1,/Users/ayushmunot/Desktop/OpenSource/mteb/mteb/models/model_implementations/cde_models.py,Sentence Transformers,"Sentence Transformers, safetensors, Transformers"
UPDATED,jxm/cde-small-v2,/Users/ayushmunot/Desktop/OpenSource/mteb/mteb/models/model_implementations/cde_models.py,Sentence Transformers,"Sentence Transformers, safetensors, Transformers"
UPDATED,kakaobrain/align-base,/Users/ayushmunot/Desktop/OpenSource/mteb/mteb/models/model_implementations/align_models.py,PyTorch,"PyTorch, Transformers"
UPDATED,keeeeenw/MicroLlama-text-embedding,/Users/ayushmunot/Desktop/OpenSource/mteb/mteb/models/model_implementations/sentence_transformers_models.py,"Sentence Transformers, PyTorch","Sentence Transformers, PyTorch, safetensors"
UPDATED,laion/CLIP-ViT-B-32-DataComp.XL-s13B-b90K,/Users/ayushmunot/Desktop/OpenSource/mteb/mteb/models/model_implementations/openclip_models.py,PyTorch,"PyTorch, safetensors"
UPDATED,laion/CLIP-ViT-B-32-laion2B-s34B-b79K,/Users/ayushmunot/Desktop/OpenSource/mteb/mteb/models/model_implementations/openclip_models.py,PyTorch,"PyTorch, safetensors"
UPDATED,laion/CLIP-ViT-H-14-laion2B-s32B-b79K,/Users/ayushmunot/Desktop/OpenSource/mteb/mteb/models/model_implementations/openclip_models.py,PyTorch,"PyTorch, safetensors"
UPDATED,laion/CLIP-ViT-L-14-laion2B-s32B-b82K,/Users/ayushmunot/Desktop/OpenSource/mteb/mteb/models/model_implementations/openclip_models.py,PyTorch,"PyTorch, safetensors"
UPDATED,laion/CLIP-ViT-bigG-14-laion2B-39B-b160k,/Users/ayushmunot/Desktop/OpenSource/mteb/mteb/models/model_implementations/openclip_models.py,PyTorch,"PyTorch, safetensors"
UPDATED,laion/CLIP-ViT-g-14-laion2B-s34B-b88K,/Users/ayushmunot/Desktop/OpenSource/mteb/mteb/models/model_implementations/openclip_models.py,PyTorch,"PyTorch, safetensors"
UPDATED,lier007/xiaobu-embedding,/Users/ayushmunot/Desktop/OpenSource/mteb/mteb/models/model_implementations/misc_models.py,"PyTorch, Sentence Transformers","PyTorch, Sentence Transformers, Transformers"
UPDATED,lier007/xiaobu-embedding-v2,/Users/ayushmunot/Desktop/OpenSource/mteb/mteb/models/model_implementations/misc_models.py,"PyTorch, Sentence Transformers","PyTorch, Sentence Transformers, ONNX, safetensors"
UPDATED,lightonai/GTE-ModernColBERT-v1,/Users/ayushmunot/Desktop/OpenSource/mteb/mteb/models/model_implementations/pylate_models.py,"PyLate, ColBERT","PyLate, ColBERT, safetensors, Sentence Transformers"
UPDATED,llamaindex/vdr-2b-multi-v1,/Users/ayushmunot/Desktop/OpenSource/mteb/mteb/models/model_implementations/vdr_models.py,"PyTorch, Sentence Transformers","PyTorch, Sentence Transformers, safetensors, Transformers"
UPDATED,llmrails/ember-v1,/Users/ayushmunot/Desktop/OpenSource/mteb/mteb/models/model_implementations/misc_models.py,"PyTorch, Sentence Transformers","PyTorch, Sentence Transformers, safetensors, Transformers"
UPDATED,m3hrdadfi/bert-zwnj-wnli-mean-tokens,/Users/ayushmunot/Desktop/OpenSource/mteb/mteb/models/model_implementations/fa_models.py,"Sentence Transformers, PyTorch","Sentence Transformers, PyTorch, Transformers"
UPDATED,m3hrdadfi/roberta-zwnj-wnli-mean-tokens,/Users/ayushmunot/Desktop/OpenSource/mteb/mteb/models/model_implementations/fa_models.py,"Sentence Transformers, PyTorch","Sentence Transformers, PyTorch, Transformers"
UPDATED,malenia1/ternary-weight-embedding,/Users/ayushmunot/Desktop/OpenSource/mteb/mteb/models/model_implementations/misc_models.py,PyTorch,"PyTorch, safetensors"
UPDATED,manu/bge-m3-custom-fr,/Users/ayushmunot/Desktop/OpenSource/mteb/mteb/models/model_implementations/bge_models.py,"PyTorch, Sentence Transformers","PyTorch, Sentence Transformers, safetensors"
UPDATED,manu/sentence_croissant_alpha_v0.2,/Users/ayushmunot/Desktop/OpenSource/mteb/mteb/models/model_implementations/misc_models.py,"PyTorch, Sentence Transformers","PyTorch, Sentence Transformers, safetensors"
UPDATED,manu/sentence_croissant_alpha_v0.3,/Users/ayushmunot/Desktop/OpenSource/mteb/mteb/models/model_implementations/misc_models.py,"PyTorch, Sentence Transformers","PyTorch, Sentence Transformers, safetensors"
UPDATED,manu/sentence_croissant_alpha_v0.4,/Users/ayushmunot/Desktop/OpenSource/mteb/mteb/models/model_implementations/misc_models.py,"PyTorch, Sentence Transformers","PyTorch, Sentence Transformers, safetensors"
UPDATED,manveertamber/cadet-embed-base-v1,/Users/ayushmunot/Desktop/OpenSource/mteb/mteb/models/model_implementations/cadet_models.py,"Sentence Transformers, PyTorch","Sentence Transformers, PyTorch, safetensors"
UPDATED,meta-llama/Llama-2-7b-chat-hf,/Users/ayushmunot/Desktop/OpenSource/mteb/mteb/models/model_implementations/rerankers_monot5_based.py,PyTorch,"PyTorch, Transformers, safetensors"
UPDATED,meta-llama/Llama-2-7b-hf,/Users/ayushmunot/Desktop/OpenSource/mteb/mteb/models/model_implementations/rerankers_monot5_based.py,PyTorch,"PyTorch, Transformers, safetensors"
UPDATED,microsoft/LLM2CLIP-Openai-B-16,/Users/ayushmunot/Desktop/OpenSource/mteb/mteb/models/model_implementations/llm2clip_models.py,PyTorch,"PyTorch, safetensors"
UPDATED,microsoft/LLM2CLIP-Openai-L-14-224,/Users/ayushmunot/Desktop/OpenSource/mteb/mteb/models/model_implementations/llm2clip_models.py,PyTorch,"PyTorch, safetensors"
UPDATED,microsoft/LLM2CLIP-Openai-L-14-336,/Users/ayushmunot/Desktop/OpenSource/mteb/mteb/models/model_implementations/llm2clip_models.py,PyTorch,"PyTorch, safetensors"
UPDATED,minishlab/M2V_base_glove,/Users/ayushmunot/Desktop/OpenSource/mteb/mteb/models/model_implementations/model2vec_models.py,"NumPy, Sentence Transformers","NumPy, Sentence Transformers, safetensors"
UPDATED,minishlab/M2V_base_glove_subword,/Users/ayushmunot/Desktop/OpenSource/mteb/mteb/models/model_implementations/model2vec_models.py,"NumPy, Sentence Transformers","NumPy, Sentence Transformers, ONNX, safetensors"
UPDATED,minishlab/M2V_base_output,/Users/ayushmunot/Desktop/OpenSource/mteb/mteb/models/model_implementations/model2vec_models.py,"NumPy, Sentence Transformers","NumPy, Sentence Transformers, ONNX, safetensors"
UPDATED,minishlab/M2V_multilingual_output,/Users/ayushmunot/Desktop/OpenSource/mteb/mteb/models/model_implementations/model2vec_models.py,"NumPy, Sentence Transformers","NumPy, Sentence Transformers, ONNX, safetensors"
UPDATED,minishlab/potion-base-2M,/Users/ayushmunot/Desktop/OpenSource/mteb/mteb/models/model_implementations/model2vec_models.py,"NumPy, Sentence Transformers","NumPy, Sentence Transformers, ONNX, safetensors"
UPDATED,minishlab/potion-base-4M,/Users/ayushmunot/Desktop/OpenSource/mteb/mteb/models/model_implementations/model2vec_models.py,"NumPy, Sentence Transformers","NumPy, Sentence Transformers, ONNX, safetensors"
UPDATED,minishlab/potion-base-8M,/Users/ayushmunot/Desktop/OpenSource/mteb/mteb/models/model_implementations/model2vec_models.py,"NumPy, Sentence Transformers","NumPy, Sentence Transformers, ONNX, safetensors"
UPDATED,minishlab/potion-multilingual-128M,/Users/ayushmunot/Desktop/OpenSource/mteb/mteb/models/model_implementations/model2vec_models.py,NumPy,"NumPy, ONNX, safetensors, Sentence Transformers"
UPDATED,mistralai/Mistral-7B-Instruct-v0.2,/Users/ayushmunot/Desktop/OpenSource/mteb/mteb/models/model_implementations/rerankers_monot5_based.py,PyTorch,"PyTorch, Transformers, safetensors"
UPDATED,mixedbread-ai/mxbai-embed-2d-large-v1,/Users/ayushmunot/Desktop/OpenSource/mteb/mteb/models/model_implementations/mxbai_models.py,"Sentence Transformers, PyTorch","Sentence Transformers, PyTorch, ONNX, safetensors, Transformers"
UPDATED,mixedbread-ai/mxbai-embed-large-v1,/Users/ayushmunot/Desktop/OpenSource/mteb/mteb/models/model_implementations/mxbai_models.py,"Sentence Transformers, PyTorch","Sentence Transformers, PyTorch, ONNX, safetensors, GGUF, Transformers"
UPDATED,mixedbread-ai/mxbai-embed-xsmall-v1,/Users/ayushmunot/Desktop/OpenSource/mteb/mteb/models/model_implementations/mxbai_models.py,"Sentence Transformers, PyTorch","Sentence Transformers, PyTorch, ONNX, safetensors, GGUF"
UPDATED,moka-ai/m3e-base,/Users/ayushmunot/Desktop/OpenSource/mteb/mteb/models/model_implementations/moka_models.py,"Sentence Transformers, PyTorch","Sentence Transformers, PyTorch, safetensors"
UPDATED,myrkur/sentence-transformer-parsbert-fa,/Users/ayushmunot/Desktop/OpenSource/mteb/mteb/models/model_implementations/fa_models.py,"Sentence Transformers, PyTorch","Sentence Transformers, PyTorch, safetensors"
UPDATED,nomic-ai/colnomic-embed-multimodal-3b,/Users/ayushmunot/Desktop/OpenSource/mteb/mteb/models/model_implementations/colqwen_models.py,ColPali,"ColPali, safetensors"
UPDATED,nomic-ai/colnomic-embed-multimodal-7b,/Users/ayushmunot/Desktop/OpenSource/mteb/mteb/models/model_implementations/colqwen_models.py,ColPali,"ColPali, safetensors"
UPDATED,nomic-ai/modernbert-embed-base,/Users/ayushmunot/Desktop/OpenSource/mteb/mteb/models/model_implementations/nomic_models.py,"Sentence Transformers, PyTorch","Sentence Transformers, PyTorch, ONNX, safetensors"
UPDATED,nomic-ai/nomic-embed-text-v1,/Users/ayushmunot/Desktop/OpenSource/mteb/mteb/models/model_implementations/nomic_models.py,"Sentence Transformers, PyTorch","Sentence Transformers, PyTorch, ONNX, safetensors, Transformers"
UPDATED,nomic-ai/nomic-embed-text-v1-ablated,/Users/ayushmunot/Desktop/OpenSource/mteb/mteb/models/model_implementations/nomic_models.py,"Sentence Transformers, PyTorch","Sentence Transformers, PyTorch, ONNX"
UPDATED,nomic-ai/nomic-embed-text-v1-unsupervised,/Users/ayushmunot/Desktop/OpenSource/mteb/mteb/models/model_implementations/nomic_models.py,"Sentence Transformers, PyTorch","Sentence Transformers, PyTorch, ONNX, Transformers"
UPDATED,nomic-ai/nomic-embed-text-v1.5,/Users/ayushmunot/Desktop/OpenSource/mteb/mteb/models/model_implementations/nomic_models.py,"Sentence Transformers, PyTorch","Sentence Transformers, PyTorch, ONNX, safetensors, Transformers"
UPDATED,nomic-ai/nomic-embed-text-v2-moe,/Users/ayushmunot/Desktop/OpenSource/mteb/mteb/models/model_implementations/nomic_models.py,"Sentence Transformers, PyTorch","Sentence Transformers, PyTorch, safetensors"
UPDATED,nomic-ai/nomic-embed-vision-v1.5,/Users/ayushmunot/Desktop/OpenSource/mteb/mteb/models/model_implementations/nomic_models_vision.py,PyTorch,"PyTorch, Transformers, ONNX, safetensors"
UPDATED,nvidia/NV-Embed-v1,/Users/ayushmunot/Desktop/OpenSource/mteb/mteb/models/model_implementations/nvidia_models.py,"Sentence Transformers, PyTorch","Sentence Transformers, PyTorch, safetensors"
UPDATED,nvidia/NV-Embed-v2,/Users/ayushmunot/Desktop/OpenSource/mteb/mteb/models/model_implementations/nvidia_models.py,"Sentence Transformers, PyTorch","Sentence Transformers, PyTorch, Transformers, safetensors"
UPDATED,nvidia/llama-embed-nemotron-8b,/Users/ayushmunot/Desktop/OpenSource/mteb/mteb/models/model_implementations/nvidia_models.py,PyTorch,"PyTorch, Sentence Transformers, safetensors, Transformers"
UPDATED,nvidia/llama-nemoretriever-colembed-1b-v1,/Users/ayushmunot/Desktop/OpenSource/mteb/mteb/models/model_implementations/nvidia_llama_nemoretriever_colemb.py,PyTorch,"PyTorch, Transformers, safetensors"
UPDATED,nvidia/llama-nemoretriever-colembed-3b-v1,/Users/ayushmunot/Desktop/OpenSource/mteb/mteb/models/model_implementations/nvidia_llama_nemoretriever_colemb.py,PyTorch,"PyTorch, Transformers, safetensors"
UPDATED,nyu-visionx/moco-v3-vit-b,/Users/ayushmunot/Desktop/OpenSource/mteb/mteb/models/model_implementations/moco_models.py,PyTorch,"PyTorch, Transformers, safetensors"
UPDATED,nyu-visionx/moco-v3-vit-l,/Users/ayushmunot/Desktop/OpenSource/mteb/mteb/models/model_implementations/moco_models.py,PyTorch,"PyTorch, Transformers, safetensors"
UPDATED,omarelshehy/arabic-english-sts-matryoshka,/Users/ayushmunot/Desktop/OpenSource/mteb/mteb/models/model_implementations/misc_models.py,"PyTorch, Sentence Transformers","PyTorch, Sentence Transformers, safetensors"
UPDATED,openai/clip-vit-base-patch16,/Users/ayushmunot/Desktop/OpenSource/mteb/mteb/models/model_implementations/clip_models.py,PyTorch,"PyTorch, Transformers"
UPDATED,openai/clip-vit-base-patch32,/Users/ayushmunot/Desktop/OpenSource/mteb/mteb/models/model_implementations/clip_models.py,PyTorch,"PyTorch, Transformers"
UPDATED,openai/clip-vit-large-patch14,/Users/ayushmunot/Desktop/OpenSource/mteb/mteb/models/model_implementations/clip_models.py,PyTorch,"PyTorch, Transformers, safetensors"
UPDATED,openbmb/MiniCPM-Embedding,/Users/ayushmunot/Desktop/OpenSource/mteb/mteb/models/model_implementations/misc_models.py,"PyTorch, Sentence Transformers","PyTorch, Sentence Transformers, Transformers, safetensors"
UPDATED,opensearch-project/opensearch-neural-sparse-encoding-doc-v1,/Users/ayushmunot/Desktop/OpenSource/mteb/mteb/models/model_implementations/opensearch_neural_sparse_models.py,"Sentence Transformers, PyTorch","Sentence Transformers, PyTorch, safetensors, Transformers"
UPDATED,opensearch-project/opensearch-neural-sparse-encoding-doc-v2-distill,/Users/ayushmunot/Desktop/OpenSource/mteb/mteb/models/model_implementations/opensearch_neural_sparse_models.py,"Sentence Transformers, PyTorch","Sentence Transformers, PyTorch, safetensors, Transformers"
UPDATED,opensearch-project/opensearch-neural-sparse-encoding-doc-v2-mini,/Users/ayushmunot/Desktop/OpenSource/mteb/mteb/models/model_implementations/opensearch_neural_sparse_models.py,"Sentence Transformers, PyTorch","Sentence Transformers, PyTorch, safetensors, Transformers"
UPDATED,opensearch-project/opensearch-neural-sparse-encoding-doc-v3-distill,/Users/ayushmunot/Desktop/OpenSource/mteb/mteb/models/model_implementations/opensearch_neural_sparse_models.py,"Sentence Transformers, PyTorch","Sentence Transformers, PyTorch, safetensors, Transformers"
UPDATED,opensearch-project/opensearch-neural-sparse-encoding-doc-v3-gte,/Users/ayushmunot/Desktop/OpenSource/mteb/mteb/models/model_implementations/opensearch_neural_sparse_models.py,"Sentence Transformers, PyTorch","Sentence Transformers, PyTorch, safetensors, Transformers"
UPDATED,panalexeu/xlm-roberta-ua-distilled,/Users/ayushmunot/Desktop/OpenSource/mteb/mteb/models/model_implementations/ua_sentence_models.py,Sentence Transformers,"Sentence Transformers, safetensors"
UPDATED,prdev/mini-gte,/Users/ayushmunot/Desktop/OpenSource/mteb/mteb/models/model_implementations/qtack_models.py,"Sentence Transformers, PyTorch","Sentence Transformers, PyTorch, safetensors"
UPDATED,rasgaard/m2v-dfm-large,/Users/ayushmunot/Desktop/OpenSource/mteb/mteb/models/model_implementations/rasgaard_models.py,"NumPy, Sentence Transformers","NumPy, Sentence Transformers, safetensors"
UPDATED,richinfoai/ritrieve_zh_v1,/Users/ayushmunot/Desktop/OpenSource/mteb/mteb/models/model_implementations/richinfoai_models.py,"Sentence Transformers, PyTorch","Sentence Transformers, PyTorch, safetensors"
UPDATED,royokong/e5-v,/Users/ayushmunot/Desktop/OpenSource/mteb/mteb/models/model_implementations/e5_v.py,PyTorch,"PyTorch, Transformers, safetensors"
UPDATED,samaya-ai/RepLLaMA-reproduced,/Users/ayushmunot/Desktop/OpenSource/mteb/mteb/models/model_implementations/repllama_models.py,"PyTorch, Tevatron","PyTorch, Tevatron, safetensors"
UPDATED,samaya-ai/promptriever-llama2-7b-v1,/Users/ayushmunot/Desktop/OpenSource/mteb/mteb/models/model_implementations/promptriever_models.py,"PyTorch, Tevatron","PyTorch, Tevatron, safetensors"
UPDATED,samaya-ai/promptriever-llama3.1-8b-instruct-v1,/Users/ayushmunot/Desktop/OpenSource/mteb/mteb/models/model_implementations/promptriever_models.py,"PyTorch, Tevatron","PyTorch, Tevatron, safetensors"
UPDATED,samaya-ai/promptriever-llama3.1-8b-v1,/Users/ayushmunot/Desktop/OpenSource/mteb/mteb/models/model_implementations/promptriever_models.py,"PyTorch, Tevatron","PyTorch, Tevatron, safetensors"
UPDATED,samaya-ai/promptriever-mistral-v0.1-7b-v1,/Users/ayushmunot/Desktop/OpenSource/mteb/mteb/models/model_implementations/promptriever_models.py,"PyTorch, Tevatron","PyTorch, Tevatron, safetensors"
UPDATED,sbintuitions/sarashina-embedding-v1-1b,/Users/ayushmunot/Desktop/OpenSource/mteb/mteb/models/model_implementations/sarashina_embedding_models.py,"Sentence Transformers, PyTorch","Sentence Transformers, PyTorch, safetensors, Transformers"
UPDATED,sbintuitions/sarashina-embedding-v2-1b,/Users/ayushmunot/Desktop/OpenSource/mteb/mteb/models/model_implementations/sarashina_embedding_models.py,"Sentence Transformers, PyTorch","Sentence Transformers, PyTorch, safetensors, Transformers"
UPDATED,sbunlp/fabert,/Users/ayushmunot/Desktop/OpenSource/mteb/mteb/models/model_implementations/fa_models.py,"Sentence Transformers, PyTorch","Sentence Transformers, PyTorch, Transformers, safetensors"
UPDATED,sdadas/mmlw-e5-base,/Users/ayushmunot/Desktop/OpenSource/mteb/mteb/models/model_implementations/misc_models.py,PyTorch,"PyTorch, Sentence Transformers, safetensors, Transformers"
UPDATED,sdadas/mmlw-e5-large,/Users/ayushmunot/Desktop/OpenSource/mteb/mteb/models/model_implementations/misc_models.py,PyTorch,"PyTorch, Sentence Transformers, safetensors, Transformers"
UPDATED,sdadas/mmlw-e5-small,/Users/ayushmunot/Desktop/OpenSource/mteb/mteb/models/model_implementations/misc_models.py,PyTorch,"PyTorch, Sentence Transformers, safetensors, Transformers"
UPDATED,sdadas/mmlw-roberta-base,/Users/ayushmunot/Desktop/OpenSource/mteb/mteb/models/model_implementations/misc_models.py,PyTorch,"PyTorch, Sentence Transformers, safetensors, Transformers"
UPDATED,sdadas/mmlw-roberta-large,/Users/ayushmunot/Desktop/OpenSource/mteb/mteb/models/model_implementations/misc_models.py,PyTorch,"PyTorch, Sentence Transformers, safetensors, Transformers"
UPDATED,sensenova/piccolo-base-zh,/Users/ayushmunot/Desktop/OpenSource/mteb/mteb/models/model_implementations/piccolo_models.py,"Sentence Transformers, PyTorch","Sentence Transformers, PyTorch, Transformers"
UPDATED,sentence-transformers/LaBSE,/Users/ayushmunot/Desktop/OpenSource/mteb/mteb/models/model_implementations/sentence_transformers_models.py,"Sentence Transformers, PyTorch","Sentence Transformers, PyTorch, ONNX, safetensors"
UPDATED,sentence-transformers/all-MiniLM-L12-v2,/Users/ayushmunot/Desktop/OpenSource/mteb/mteb/models/model_implementations/sentence_transformers_models.py,"Sentence Transformers, PyTorch","Sentence Transformers, PyTorch, ONNX, safetensors, Transformers"
UPDATED,sentence-transformers/all-MiniLM-L6-v2,/Users/ayushmunot/Desktop/OpenSource/mteb/mteb/models/model_implementations/sentence_transformers_models.py,"Sentence Transformers, PyTorch","Sentence Transformers, PyTorch, ONNX, safetensors, Transformers"
UPDATED,sentence-transformers/all-mpnet-base-v2,/Users/ayushmunot/Desktop/OpenSource/mteb/mteb/models/model_implementations/sentence_transformers_models.py,"Sentence Transformers, PyTorch","Sentence Transformers, PyTorch, ONNX, safetensors, Transformers"
UPDATED,sentence-transformers/gtr-t5-base,/Users/ayushmunot/Desktop/OpenSource/mteb/mteb/models/model_implementations/sentence_transformers_models.py,"Sentence Transformers, PyTorch","Sentence Transformers, PyTorch, safetensors"
UPDATED,sentence-transformers/gtr-t5-large,/Users/ayushmunot/Desktop/OpenSource/mteb/mteb/models/model_implementations/sentence_transformers_models.py,"Sentence Transformers, PyTorch","Sentence Transformers, PyTorch, safetensors"
UPDATED,sentence-transformers/gtr-t5-xl,/Users/ayushmunot/Desktop/OpenSource/mteb/mteb/models/model_implementations/sentence_transformers_models.py,"Sentence Transformers, PyTorch","Sentence Transformers, PyTorch, safetensors"
UPDATED,sentence-transformers/gtr-t5-xxl,/Users/ayushmunot/Desktop/OpenSource/mteb/mteb/models/model_implementations/sentence_transformers_models.py,"Sentence Transformers, PyTorch","Sentence Transformers, PyTorch, safetensors"
UPDATED,sentence-transformers/multi-qa-MiniLM-L6-cos-v1,/Users/ayushmunot/Desktop/OpenSource/mteb/mteb/models/model_implementations/sentence_transformers_models.py,"Sentence Transformers, PyTorch","Sentence Transformers, PyTorch, ONNX, safetensors, Transformers"
UPDATED,sentence-transformers/paraphrase-multilingual-MiniLM-L12-v2,/Users/ayushmunot/Desktop/OpenSource/mteb/mteb/models/model_implementations/sentence_transformers_models.py,"Sentence Transformers, PyTorch","Sentence Transformers, PyTorch, ONNX, safetensors, Transformers"
UPDATED,sentence-transformers/paraphrase-multilingual-mpnet-base-v2,/Users/ayushmunot/Desktop/OpenSource/mteb/mteb/models/model_implementations/sentence_transformers_models.py,"Sentence Transformers, PyTorch","Sentence Transformers, PyTorch, ONNX, safetensors, Transformers"
UPDATED,sentence-transformers/sentence-t5-base,/Users/ayushmunot/Desktop/OpenSource/mteb/mteb/models/model_implementations/sentence_transformers_models.py,"Sentence Transformers, PyTorch","Sentence Transformers, PyTorch, safetensors"
UPDATED,sentence-transformers/sentence-t5-large,/Users/ayushmunot/Desktop/OpenSource/mteb/mteb/models/model_implementations/sentence_transformers_models.py,"Sentence Transformers, PyTorch","Sentence Transformers, PyTorch, ONNX, safetensors"
UPDATED,sentence-transformers/sentence-t5-xl,/Users/ayushmunot/Desktop/OpenSource/mteb/mteb/models/model_implementations/sentence_transformers_models.py,"Sentence Transformers, PyTorch","Sentence Transformers, PyTorch, safetensors"
UPDATED,sentence-transformers/sentence-t5-xxl,/Users/ayushmunot/Desktop/OpenSource/mteb/mteb/models/model_implementations/sentence_transformers_models.py,"Sentence Transformers, PyTorch","Sentence Transformers, PyTorch, safetensors"
UPDATED,sentence-transformers/static-similarity-mrl-multilingual-v1,/Users/ayushmunot/Desktop/OpenSource/mteb/mteb/models/model_implementations/sentence_transformers_models.py,"Sentence Transformers, PyTorch","Sentence Transformers, PyTorch, ONNX, safetensors"
UPDATED,sergeyzh/BERTA,/Users/ayushmunot/Desktop/OpenSource/mteb/mteb/models/model_implementations/ru_sentence_models.py,"Sentence Transformers, PyTorch","Sentence Transformers, PyTorch, safetensors, Transformers"
UPDATED,sergeyzh/LaBSE-ru-turbo,/Users/ayushmunot/Desktop/OpenSource/mteb/mteb/models/model_implementations/ru_sentence_models.py,"Sentence Transformers, PyTorch","Sentence Transformers, PyTorch, safetensors, Transformers"
UPDATED,sergeyzh/rubert-mini-frida,/Users/ayushmunot/Desktop/OpenSource/mteb/mteb/models/model_implementations/ru_sentence_models.py,"Sentence Transformers, PyTorch","Sentence Transformers, PyTorch, safetensors, Transformers"
UPDATED,sergeyzh/rubert-tiny-turbo,/Users/ayushmunot/Desktop/OpenSource/mteb/mteb/models/model_implementations/ru_sentence_models.py,"Sentence Transformers, PyTorch","Sentence Transformers, PyTorch, safetensors, Transformers"
UPDATED,shibing624/text2vec-base-chinese,/Users/ayushmunot/Desktop/OpenSource/mteb/mteb/models/model_implementations/text2vec_models.py,"Sentence Transformers, PyTorch","Sentence Transformers, PyTorch, ONNX, safetensors"
UPDATED,shibing624/text2vec-base-chinese-paraphrase,/Users/ayushmunot/Desktop/OpenSource/mteb/mteb/models/model_implementations/text2vec_models.py,"Sentence Transformers, PyTorch","Sentence Transformers, PyTorch, safetensors, Transformers"
UPDATED,shibing624/text2vec-base-multilingual,/Users/ayushmunot/Desktop/OpenSource/mteb/mteb/models/model_implementations/text2vec_models.py,"Sentence Transformers, PyTorch","Sentence Transformers, PyTorch, ONNX, safetensors, Transformers"
UPDATED,silma-ai/silma-embeddding-matryoshka-v0.1,/Users/ayushmunot/Desktop/OpenSource/mteb/mteb/models/model_implementations/misc_models.py,"PyTorch, Sentence Transformers","PyTorch, Sentence Transformers, safetensors"
UPDATED,spartan8806/atles-champion-embedding,/Users/ayushmunot/Desktop/OpenSource/mteb/mteb/models/model_implementations/spartan8806_atles_champion.py,Sentence Transformers,"Sentence Transformers, safetensors, Transformers"
UPDATED,tencent/KaLM-Embedding-Gemma3-12B-2511,/Users/ayushmunot/Desktop/OpenSource/mteb/mteb/models/model_implementations/kalm_models.py,"Sentence Transformers, PyTorch","Sentence Transformers, PyTorch, safetensors"
UPDATED,tencent/Youtu-Embedding,/Users/ayushmunot/Desktop/OpenSource/mteb/mteb/models/model_implementations/youtu_models.py,"Sentence Transformers, PyTorch","Sentence Transformers, PyTorch, Transformers, safetensors"
UPDATED,thenlper/gte-base,/Users/ayushmunot/Desktop/OpenSource/mteb/mteb/models/model_implementations/misc_models.py,PyTorch,"PyTorch, Sentence Transformers, ONNX, safetensors"
UPDATED,thenlper/gte-base-zh,/Users/ayushmunot/Desktop/OpenSource/mteb/mteb/models/model_implementations/gte_models.py,"Sentence Transformers, PyTorch","Sentence Transformers, PyTorch, safetensors"
UPDATED,thenlper/gte-large,/Users/ayushmunot/Desktop/OpenSource/mteb/mteb/models/model_implementations/misc_models.py,PyTorch,"PyTorch, Sentence Transformers, ONNX, safetensors"
UPDATED,thenlper/gte-large-zh,/Users/ayushmunot/Desktop/OpenSource/mteb/mteb/models/model_implementations/gte_models.py,"Sentence Transformers, PyTorch","Sentence Transformers, PyTorch, safetensors"
UPDATED,thenlper/gte-small,/Users/ayushmunot/Desktop/OpenSource/mteb/mteb/models/model_implementations/misc_models.py,PyTorch,"PyTorch, Sentence Transformers, ONNX, safetensors"
UPDATED,thenlper/gte-small-zh,/Users/ayushmunot/Desktop/OpenSource/mteb/mteb/models/model_implementations/gte_models.py,"Sentence Transformers, PyTorch","Sentence Transformers, PyTorch, safetensors"
UPDATED,unicamp-dl/mt5-13b-mmarco-100k,/Users/ayushmunot/Desktop/OpenSource/mteb/mteb/models/model_implementations/rerankers_monot5_based.py,PyTorch,"PyTorch, Transformers"
UPDATED,unicamp-dl/mt5-base-mmarco-v2,/Users/ayushmunot/Desktop/OpenSource/mteb/mteb/models/model_implementations/rerankers_monot5_based.py,PyTorch,"PyTorch, Transformers"
UPDATED,vidore/colSmol-256M,/Users/ayushmunot/Desktop/OpenSource/mteb/mteb/models/model_implementations/colsmol_models.py,ColPali,"ColPali, safetensors"
UPDATED,vidore/colSmol-500M,/Users/ayushmunot/Desktop/OpenSource/mteb/mteb/models/model_implementations/colsmol_models.py,ColPali,"ColPali, safetensors"
UPDATED,vidore/colpali-v1.1,/Users/ayushmunot/Desktop/OpenSource/mteb/mteb/models/model_implementations/colpali_models.py,ColPali,"ColPali, safetensors"
UPDATED,vidore/colpali-v1.2,/Users/ayushmunot/Desktop/OpenSource/mteb/mteb/models/model_implementations/colpali_models.py,ColPali,"ColPali, safetensors"
UPDATED,vidore/colpali-v1.3,/Users/ayushmunot/Desktop/OpenSource/mteb/mteb/models/model_implementations/colpali_models.py,ColPali,"ColPali, safetensors"
UPDATED,vidore/colqwen2-v1.0,/Users/ayushmunot/Desktop/OpenSource/mteb/mteb/models/model_implementations/colqwen_models.py,ColPali,"ColPali, safetensors"
UPDATED,vidore/colqwen2.5-v0.2,/Users/ayushmunot/Desktop/OpenSource/mteb/mteb/models/model_implementations/colqwen_models.py,ColPali,"ColPali, safetensors"
UPDATED,w601sxs/b1ade-embed,/Users/ayushmunot/Desktop/OpenSource/mteb/mteb/models/model_implementations/b1ade_models.py,"Sentence Transformers, PyTorch","Sentence Transformers, PyTorch, Transformers, safetensors"
UPDATED,zeta-alpha-ai/Zeta-Alpha-E5-Mistral,/Users/ayushmunot/Desktop/OpenSource/mteb/mteb/models/model_implementations/e5_instruct.py,"PyTorch, Sentence Transformers, GritLM","PyTorch, Sentence Transformers, GritLM, safetensors, Transformers"
UNCHANGED,BAAI/bge-visualized-base,,,
UNCHANGED,BAAI/bge-visualized-m3,,,
UNCHANGED,ByteDance-Seed/Seed1.5-Embedding,,,
UNCHANGED,Bytedance/Seed1.6-embedding,,,
UNCHANGED,Bytedance/Seed1.6-embedding-1215,,,
UNCHANGED,Human,,,
UNCHANGED,MCINext/Hakim,,,
UNCHANGED,MCINext/Hakim-small,,,
UNCHANGED,MCINext/Hakim-unsup,,,
UNCHANGED,OpenSearch-AI/Ops-MoA-Conan-embedding-v1,,,
UNCHANGED,OrlikB/KartonBERT-USE-base-v1,,,
UNCHANGED,OrlikB/st-polish-kartonberta-base-alpha-v1,,,
UNCHANGED,QuanSun/EVA02-CLIP-B-16,,,
UNCHANGED,QuanSun/EVA02-CLIP-L-14,,,
UNCHANGED,QuanSun/EVA02-CLIP-bigE-14,,,
UNCHANGED,QuanSun/EVA02-CLIP-bigE-14-plus,,,
UNCHANGED,amazon/Titan-text-embeddings-v2,,,
UNCHANGED,bedrock/amazon-titan-embed-text-v1,,,
UNCHANGED,bedrock/amazon-titan-embed-text-v2,,,
UNCHANGED,bedrock/cohere-embed-english-v3,,,
UNCHANGED,bedrock/cohere-embed-multilingual-v3,,,
UNCHANGED,castorini/repllama-v1-7b-lora-passage,,,
UNCHANGED,dunzhang/stella-large-zh-v3-1792d,,,
UNCHANGED,facebook/SONAR,,,
UNCHANGED,fangxq/XYZ-embedding,,,
UNCHANGED,google/gemini-embedding-001,,,
UNCHANGED,google/text-embedding-004,,,
UNCHANGED,google/text-embedding-005,,,
UNCHANGED,google/text-multilingual-embedding-002,,,
UNCHANGED,infgrad/stella-base-zh-v3-1792d,,,
UNCHANGED,jinaai/jina-embedding-b-en-v1,,,
UNCHANGED,jinaai/jina-embedding-s-en-v1,,,
UNCHANGED,laion/CLIP-ViT-B-16-DataComp.XL-s13B-b90K,,,
UNCHANGED,laion/CLIP-ViT-L-14-DataComp.XL-s13B-b90K,,,
UNCHANGED,moka-ai/m3e-large,,,
UNCHANGED,moka-ai/m3e-small,,,
UNCHANGED,openai/text-embedding-3-large,,,
UNCHANGED,openai/text-embedding-3-large (embed_dim=512),,,
UNCHANGED,openai/text-embedding-3-small,,,
UNCHANGED,openai/text-embedding-3-small (embed_dim=512),,,
UNCHANGED,openai/text-embedding-ada-002,,,
UNCHANGED,sensenova/piccolo-large-zh-v2,,,
UNCHANGED,voyageai/voyage-2,,,
UNCHANGED,voyageai/voyage-3,,,
UNCHANGED,voyageai/voyage-3-large,,,
UNCHANGED,voyageai/voyage-3-lite,,,
UNCHANGED,voyageai/voyage-3-m-exp,,,
UNCHANGED,voyageai/voyage-3.5,,,
UNCHANGED,voyageai/voyage-3.5 (output_dtype=binary),,,
UNCHANGED,voyageai/voyage-3.5 (output_dtype=int8),,,
UNCHANGED,voyageai/voyage-code-2,,,
UNCHANGED,voyageai/voyage-code-3,,,
UNCHANGED,voyageai/voyage-finance-2,,,
UNCHANGED,voyageai/voyage-large-2,,,
UNCHANGED,voyageai/voyage-large-2-instruct,,,
UNCHANGED,voyageai/voyage-law-2,,,
UNCHANGED,voyageai/voyage-multilingual-2,,,
UNCHANGED,voyageai/voyage-multimodal-3,,,
UNCHANGED,yibinlei/LENS-d4000,,,
UNCHANGED,yibinlei/LENS-d8000,,,
FAILED,Cohere/Cohere-embed-v4.0,,,
FAILED,Cohere/Cohere-embed-v4.0 (output_dtype=binary),,,
FAILED,Cohere/Cohere-embed-v4.0 (output_dtype=int8),,,
FAILED,baseline/random-cross-encoder-baseline,,,
FAILED,baseline/random-encoder-baseline,,,
FAILED,bm25s,,,
FAILED,cohere/embed-english-v3.0,,,
FAILED,cohere/embed-multilingual-v3.0,,,
