task,split,hf_subset,GritLM/GritLM-7B(13f00a0e36500c80ce12870ea513846a066004af),intfloat/multilingual-e5-base(d13f1b27baf31030b7fd040960d60d909913633f),intfloat/multilingual-e5-large(4dc6d853a804b9c8886ede6dda8a073b7dc08a81),intfloat/multilingual-e5-large-instruct(baa7be480a7de1539afce709c8f13f833a510e0a),intfloat/multilingual-e5-small(e4ce9877abf3edfe10b0d82785e83bdcb973e22e),sentence-transformers/LaBSE(e34fab64a3011d2176c99545a93d5cbddc9a91b7),sentence-transformers/all-MiniLM-L12-v2(a05860a77cef7b37e0048a7864658139bc18a854),sentence-transformers/all-MiniLM-L12-v2(no_revision_available),sentence-transformers/all-MiniLM-L6-v2(8b3219a92973c328a8e22fadcfa821b5dc75636a),sentence-transformers/all-mpnet-base-v2(84f2bcc00d77236f9e89c8a360a00fb1139bf47d),sentence-transformers/all-mpnet-base-v2(no_revision_available),sentence-transformers/paraphrase-multilingual-MiniLM-L12-v2(bf3bf13ab40c3157080a7ab344c831b9ad18b5eb),sentence-transformers/paraphrase-multilingual-mpnet-base-v2(79f2382ceacceacdf38563d7c5d16b9ff8d725d6)
AJGT,train,default,77.4,77.8,80.3,85.1,75.0,74.8,57.1,,57.9,57.4,,69.9,77.0
AfriSentiClassification,test,amh,33.8,43.4,43.3,43.9,38.8,42.1,28.6,,25.9,27.1,,25.7,50.6
AfriSentiClassification,test,arq,46.1,45.5,45.5,48.8,43.7,43.9,37.1,,40.7,36.0,,38.2,44.7
AfriSentiClassification,test,ary,40.8,39.0,36.7,43.8,38.5,43.0,33.6,,34.1,34.6,,39.3,41.6
AfriSentiClassification,test,hau,60.7,68.2,74.7,66.0,69.0,65.9,49.9,,57.4,49.9,,37.2,50.1
AfriSentiClassification,test,ibo,48.9,41.1,47.3,49.7,41.6,56.5,49.0,,51.6,48.4,,51.4,50.1
AfriSentiClassification,test,kin,44.3,48.8,48.1,49.3,47.3,43.6,36.1,,37.5,37.1,,37.3,38.0
AfriSentiClassification,test,pcm,39.3,40.7,41.5,39.6,41.2,36.3,37.0,,38.2,38.0,,37.2,38.3
AfriSentiClassification,test,por,39.0,40.1,42.3,50.4,40.9,41.6,36.8,,38.1,34.6,,41.2,45.7
AfriSentiClassification,test,swa,38.5,42.6,44.2,43.9,42.7,41.2,35.0,,35.7,36.8,,36.2,39.5
AfriSentiClassification,test,tso,35.9,35.0,34.6,37.4,36.2,34.2,34.8,,36.6,36.0,,35.5,35.5
AfriSentiClassification,test,twi,40.4,37.1,38.1,40.5,37.6,35.9,35.8,,36.7,36.6,,35.6,35.9
AfriSentiClassification,test,yor,29.8,44.2,49.7,40.5,30.9,34.0,33.6,,45.2,32.1,,37.2,39.4
AfriSentiLangClassification,test,default,92.7,67.1,64.3,94.6,56.7,50.6,75.7,,77.1,76.3,,61.1,65.1
AllegroReviews,test,default,37.3,40.8,41.0,52.4,37.3,34.9,23.8,,,23.0,,30.9,33.9
AmazonCounterfactualClassification,test,de,67.6,70.8,68.7,66.6,71.7,73.2,57.1,,57.8,55.7,,68.4,70.0
AmazonCounterfactualClassification,test,en,71.1,77.4,78.7,75.9,71.9,75.9,65.3,,63.6,65.0,,71.6,75.8
AmazonCounterfactualClassification,test,en-ext,70.3,76.9,78.7,73.5,73.1,76.1,67.2,,65.6,67.5,,70.0,76.3
AmazonCounterfactualClassification,test,ja,73.3,72.0,78.8,75.8,61.5,76.4,59.9,,60.9,60.7,,63.4,69.8
AmazonCounterfactualClassification,validation,de,67.1,73.3,70.4,66.4,72.5,74.5,58.4,,58.0,55.0,,69.6,72.0
AmazonCounterfactualClassification,validation,en,69.8,77.2,77.9,76.2,71.3,72.3,64.5,,61.5,65.0,,71.3,75.6
AmazonCounterfactualClassification,validation,en-ext,69.3,75.0,76.3,72.5,70.0,75.0,65.8,,63.5,65.1,,67.8,74.3
AmazonCounterfactualClassification,validation,ja,72.8,72.1,79.8,77.2,61.4,76.6,58.6,,59.4,60.9,,62.6,68.5
AmazonPolarityClassification,test,default,86.7,91.8,93.3,96.3,88.6,68.9,63.0,,64.3,67.1,,69.2,76.4
AmazonReviewsClassification,test,de,43.8,44.4,46.5,53.2,41.1,39.9,25.9,,26.4,26.0,,35.9,39.5
AmazonReviewsClassification,test,en,45.5,47.5,49.2,56.6,45.7,35.8,30.8,,30.8,31.4,,35.1,38.5
AmazonReviewsClassification,test,es,43.0,43.4,44.3,48.9,41.4,39.4,27.6,,27.4,27.7,,37.5,40.0
AmazonReviewsClassification,test,fr,44.1,41.6,42.6,48.5,39.5,38.5,27.5,,26.9,28.5,,35.3,39.0
AmazonReviewsClassification,test,ja,41.5,39.6,41.7,47.6,38.6,36.4,23.6,,23.8,23.7,,33.2,36.6
AmazonReviewsClassification,test,zh,35.3,38.3,38.9,44.7,38.3,36.5,23.0,,23.7,23.6,,35.2,37.7
AmazonReviewsClassification,validation,de,44.1,44.1,46.6,52.0,41.4,40.3,26.6,,26.7,26.2,,35.8,39.9
AmazonReviewsClassification,validation,en,45.3,47.6,49.1,56.0,46.0,35.8,30.4,,30.3,30.9,,35.1,38.8
AmazonReviewsClassification,validation,es,42.6,43.6,44.5,48.8,41.8,39.8,27.5,,27.2,28.1,,37.3,40.2
AmazonReviewsClassification,validation,fr,44.0,40.9,42.6,48.2,39.2,38.5,27.7,,27.0,28.5,,35.3,38.9
AmazonReviewsClassification,validation,ja,41.4,40.5,42.2,48.1,39.1,37.0,23.5,,23.8,23.4,,33.9,37.1
AmazonReviewsClassification,validation,zh,35.1,38.1,38.3,44.1,37.9,35.5,22.7,,23.1,23.5,,34.6,37.1
AngryTweetsClassification,test,default,54.7,56.3,57.7,64.5,56.3,51.1,42.9,,42.5,44.1,,50.9,54.8
ArxivClassification,test,default,71.6,64.5,68.3,71.0,63.5,54.0,67.7,,70.8,73.0,,51.8,52.7
Banking77Classification,test,default,79.4,73.5,75.9,85.7,70.4,69.9,80.4,,80.0,81.7,,79.8,81.1
BengaliDocumentClassification,test,default,42.8,,54.0,54.8,52.1,48.5,9.9,,11.9,10.6,,33.5,43.1
BengaliHateSpeechClassification,train,default,59.0,,48.8,60.8,48.6,50.6,28.6,,29.0,30.4,,34.0,47.8
BengaliSentimentAnalysis,train,default,71.2,79.6,,85.8,83.4,80.4,59.0,,58.5,54.2,,60.6,74.9
BulgarianStoreReviewSentimentClassfication,test,default,62.2,69.4,70.9,70.7,62.7,54.6,32.5,,28.2,32.4,,47.7,55.1
CBD,test,default,71.0,62.6,69.8,73.2,63.3,65.7,48.5,,,50.3,,57.7,65.0
CSFDCZMovieReviewSentimentClassification,test,default,41.0,,38.7,41.7,28.3,28.6,20.4,,19.6,20.1,,26.9,30.3
CSFDSKMovieReviewSentimentClassification,test,default,38.0,32.0,36.6,41.3,28.4,29.3,20.8,,,20.6,,27.3,32.2
CUADAffiliateLicenseLicenseeLegalBenchClassification,test,default,83.3,78.8,81.3,77.8,79.3,76.8,82.8,,83.3,82.3,,79.3,82.3
CUADAffiliateLicenseLicensorLegalBenchClassification,test,default,86.4,73.9,77.3,69.3,81.8,80.7,54.5,,61.4,62.5,,50.0,51.1
CUADAntiAssignmentLegalBenchClassification,test,default,87.5,89.4,87.9,84.0,88.6,82.3,89.0,,86.2,82.8,,87.5,88.2
CUADAuditRightsLegalBenchClassification,test,default,88.3,81.2,89.0,88.9,84.3,79.9,,85.1,85.8,91.9,,80.9,85.0
CUADCapOnLiabilityLegalBenchClassification,test,default,83.5,83.1,82.2,85.2,81.8,76.9,86.0,,85.7,86.8,,76.6,81.3
CUADChangeOfControlLegalBenchClassification,test,default,83.2,75.2,75.7,78.6,73.1,74.8,73.8,,68.3,72.4,,67.1,72.8
CUADCompetitiveRestrictionExceptionLegalBenchClassification,test,default,69.5,60.9,66.4,68.6,58.6,60.5,62.7,,65.5,65.0,,57.3,60.5
CUADCovenantNotToSueLegalBenchClassification,test,default,78.9,77.9,76.6,72.7,71.8,75.3,66.9,,64.9,64.6,,69.8,65.9
CUADEffectiveDateLegalBenchClassification,test,default,64.4,81.4,77.1,66.1,75.0,76.7,86.9,,83.1,72.9,,72.5,77.5
CUADExclusivityLegalBenchClassification,test,default,78.3,65.4,67.1,72.8,67.1,67.1,67.3,,62.6,68.4,,63.3,66.7
CUADExpirationDateLegalBenchClassification,test,default,87.6,87.2,90.8,90.4,87.8,89.3,88.9,,88.6,89.2,,87.7,90.2
CUADGoverningLawLegalBenchClassification,test,default,97.8,95.0,96.3,94.7,94.5,95.1,92.7,,86.8,93.6,,93.7,94.9
CUADIPOwnershipAssignmentLegalBenchClassification,test,default,75.2,77.8,76.9,71.0,71.7,73.6,65.6,,67.9,70.7,,66.0,78.8
CUADInsuranceLegalBenchClassification,test,default,97.2,85.0,88.5,95.7,90.7,80.8,90.8,,93.0,94.3,,87.1,93.0
CUADIrrevocableOrPerpetualLicenseLegalBenchClassification,test,default,88.6,86.1,85.7,91.4,82.5,85.0,83.6,,82.5,75.7,,79.6,79.3
CUADJointIPOwnershipLegalBenchClassification,test,default,89.1,91.7,91.1,89.6,88.5,82.8,91.1,,90.1,85.9,,81.2,87.0
CUADLicenseGrantLegalBenchClassification,test,default,82.1,79.3,81.2,81.4,84.6,71.9,81.4,,81.1,79.0,,71.7,74.6
CUADLiquidatedDamagesLegalBenchClassification,test,default,84.5,80.5,80.0,78.2,80.5,73.6,81.4,,84.5,80.5,,80.0,76.8
CUADMinimumCommitmentLegalBenchClassification,test,default,79.0,75.0,77.7,76.0,72.3,77.7,76.8,,77.7,76.0,,77.5,78.5
CUADMostFavoredNationLegalBenchClassification,test,default,81.2,76.6,85.9,65.6,71.9,59.4,75.0,,75.0,70.3,,75.0,78.1
CUADNoSolicitOfCustomersLegalBenchClassification,test,default,86.9,85.7,82.1,84.5,90.5,71.4,73.8,,72.6,82.1,,75.0,70.2
CUADNoSolicitOfEmployeesLegalBenchClassification,test,default,98.6,95.8,94.4,92.3,97.2,95.1,90.8,,83.8,93.0,,71.8,82.4
CUADNonCompeteLegalBenchClassification,test,default,74.9,57.2,57.2,69.5,59.5,58.6,55.2,,62.7,63.1,,49.8,51.1
CUADNonDisparagementLegalBenchClassification,test,default,88.0,86.0,87.0,80.0,87.0,79.0,78.0,,80.0,80.0,,75.0,76.0
CUADNonTransferableLicenseLegalBenchClassification,test,default,86.5,82.1,82.7,85.6,83.0,79.7,83.9,,82.7,80.8,,76.6,78.8
CUADNoticePeriodToTerminateRenewalLegalBenchClassification,test,default,91.9,91.9,90.5,88.3,89.2,89.2,91.9,,91.9,92.3,,92.8,93.2
CUADPostTerminationServicesLegalBenchClassification,test,default,73.0,65.0,68.8,62.5,66.3,57.3,65.6,,63.2,62.4,,64.6,55.4
CUADPriceRestrictionsLegalBenchClassification,test,default,87.0,89.1,91.3,78.3,89.1,89.1,93.5,,91.3,89.1,,91.3,87.0
CUADRenewalTermLegalBenchClassification,test,default,93.0,91.7,85.2,83.4,87.3,83.2,93.0,,90.9,93.5,,88.6,94.6
CUADRevenueProfitSharingLegalBenchClassification,test,default,87.7,84.4,88.5,92.1,86.7,85.4,91.2,,87.3,92.0,,80.6,85.4
CUADRofrRofoRofnLegalBenchClassification,test,default,72.3,71.3,67.8,66.2,67.2,68.4,65.1,,67.0,67.1,,62.8,70.1
CUADSourceCodeEscrowLegalBenchClassification,test,default,92.4,75.4,76.3,77.1,77.1,64.4,80.5,,75.4,81.4,,57.6,83.9
CUADTerminationForConvenienceLegalBenchClassification,test,default,95.6,92.3,93.7,90.7,90.0,86.3,90.9,,88.4,90.5,,90.0,90.9
CUADThirdPartyBeneficiaryLegalBenchClassification,test,default,77.9,83.8,89.7,82.4,83.8,76.5,,,85.3,91.2,,85.3,86.8
CUADUncappedLiabilityLegalBenchClassification,test,default,92.2,87.8,85.7,83.0,85.4,78.2,89.5,,87.8,85.0,,76.9,81.6
CUADUnlimitedAllYouCanEatLicenseLegalBenchClassification,test,default,70.8,81.2,68.8,68.8,72.9,64.6,72.9,,66.7,60.4,,60.4,72.9
CUADVolumeRestrictionLegalBenchClassification,test,default,72.7,84.5,83.2,82.3,81.4,77.6,79.2,,78.3,73.6,,78.0,75.2
CUADWarrantyDurationLegalBenchClassification,test,default,80.9,75.0,72.8,80.6,80.6,72.5,77.8,,80.3,81.2,,69.4,75.6
CanadaTaxCourtOutcomesLegalBenchClassification,test,default,76.6,68.0,65.6,63.1,73.4,60.7,69.3,,68.4,59.8,,77.5,83.2
CataloniaTweetClassification,test,catalan,52.8,49.4,50.3,,48.2,49.4,45.7,,44.0,47.2,,47.4,48.4
CataloniaTweetClassification,test,spanish,54.0,48.9,50.7,,49.1,43.9,46.3,,46.5,48.9,,43.8,44.7
CataloniaTweetClassification,validation,catalan,52.5,49.4,49.3,,47.5,48.4,45.0,,43.3,46.8,,47.1,48.3
CataloniaTweetClassification,validation,spanish,53.2,49.1,51.3,,48.8,44.4,46.0,,45.7,48.1,,43.8,44.3
ContractNLIConfidentialityOfAgreementLegalBenchClassification,test,default,64.6,64.6,69.5,72.0,62.2,68.3,51.2,,61.0,59.8,,53.7,61.0
ContractNLIExplicitIdentificationLegalBenchClassification,test,default,82.6,,72.5,80.7,63.3,62.4,69.7,,73.4,69.7,,76.1,74.3
ContractNLIInclusionOfVerballyConveyedInformationLegalBenchClassification,test,default,52.5,29.5,38.1,58.3,39.6,51.8,41.0,,38.1,36.0,,37.4,31.7
ContractNLILimitedUseLegalBenchClassification,test,default,57.2,64.4,58.7,66.8,57.2,68.8,54.3,,51.4,50.0,,56.2,54.8
ContractNLINoLicensingLegalBenchClassification,test,default,85.2,82.1,86.4,77.2,80.2,83.3,87.0,,87.0,82.7,,79.6,85.8
ContractNLINoticeOnCompelledDisclosureLegalBenchClassification,test,default,91.5,89.4,89.4,93.7,87.3,89.4,93.7,,93.0,91.5,,72.5,86.6
ContractNLIPermissibleAcquirementOfSimilarInformationLegalBenchClassification,test,default,73.6,79.2,92.7,77.5,77.5,86.0,68.5,,67.4,68.0,,69.7,73.6
ContractNLIPermissibleCopyLegalBenchClassification,test,default,44.8,43.7,41.4,39.1,47.1,46.0,47.1,,44.8,44.8,,35.6,36.8
ContractNLIPermissibleDevelopmentOfSimilarInformationLegalBenchClassification,test,default,91.2,90.4,91.2,82.4,88.2,87.5,79.4,,77.9,86.0,,75.0,83.1
ContractNLIPermissiblePostAgreementPossessionLegalBenchClassification,test,default,51.4,41.4,44.1,48.6,38.7,43.2,56.8,,62.2,72.1,,42.3,36.0
ContractNLIReturnOfConfidentialInformationLegalBenchClassification,test,default,83.3,87.9,86.4,78.8,93.9,80.3,87.9,,89.4,86.4,,80.3,80.3
ContractNLISharingWithEmployeesLegalBenchClassification,test,default,81.2,79.4,77.6,73.5,74.7,74.7,74.7,,76.5,74.1,,71.2,75.3
ContractNLISharingWithThirdPartiesLegalBenchClassification,test,default,71.1,60.6,61.7,67.2,58.9,68.9,,65.0,60.6,61.7,,56.7,61.1
ContractNLISurvivalOfObligationsLegalBenchClassification,test,default,43.9,66.9,73.9,51.6,62.4,51.6,52.2,,37.6,43.9,,61.1,44.6
CorporateLobbyingLegalBenchClassification,test,default,70.4,70.4,70.4,77.6,70.4,70.4,70.4,,70.4,70.4,,75.9,73.7
CyrillicTurkicLangClassification,test,default,61.9,49.6,40.9,86.3,43.3,36.0,66.1,,64.9,59.6,,32.4,33.2
CzechProductReviewSentimentClassification,test,default,55.6,,57.4,60.7,51.0,52.7,44.4,,42.5,43.6,,51.3,55.5
CzechSoMeSentimentClassification,test,default,63.0,61.8,65.0,69.2,59.1,60.1,45.2,,44.5,47.1,,58.3,62.6
CzechSubjectivityClassification,test,default,83.0,,84.6,82.5,79.7,81.0,59.4,,58.0,57.6,,73.6,77.5
CzechSubjectivityClassification,validation,default,82.9,,83.5,81.4,77.7,80.3,59.7,,57.3,57.3,,73.7,77.1
DBpediaClassification,test,default,86.4,,87.2,97.2,87.3,84.8,87.2,,85.4,89.8,,85.1,89.7
DalajClassification,test,default,50.3,49.8,49.9,50.1,50.1,49.9,50.2,,,50.4,,50.1,50.0
DanishPoliticalCommentsClassification,train,default,37.7,36.4,39.4,44.9,34.8,38.3,27.1,,26.7,28.3,,37.6,41.0
DefinitionClassificationLegalBenchClassification,test,default,88.5,88.0,87.1,84.6,85.7,87.2,76.4,,79.5,72.9,,80.4,81.3
Diversity1LegalBenchClassification,test,default,76.3,76.3,76.3,75.7,76.3,76.3,76.3,,76.3,76.3,,76.3,76.3
Diversity2LegalBenchClassification,test,default,74.7,74.7,74.7,76.0,74.7,74.7,74.7,,74.7,74.7,,74.7,74.7
Diversity3LegalBenchClassification,test,default,58.7,58.7,58.7,64.7,58.7,58.7,58.7,,58.7,58.7,,61.3,61.7
Diversity4LegalBenchClassification,test,default,53.3,53.3,53.3,63.0,53.3,53.3,53.3,,53.3,53.3,,53.3,52.3
Diversity5LegalBenchClassification,test,default,57.3,57.3,57.3,68.0,57.3,57.3,57.3,,57.3,57.3,,56.0,59.7
Diversity6LegalBenchClassification,test,default,99.0,76.3,64.3,84.7,59.7,63.7,47.3,,47.0,53.3,,53.3,56.3
DutchBookReviewSentimentClassification,test,default,83.3,71.1,77.7,86.1,67.5,61.1,,51.4,,51.3,,58.2,60.0
EmotionClassification,test,default,48.8,45.7,47.6,51.8,42.9,37.2,41.2,,40.8,42.2,,42.3,45.9
EmotionClassification,validation,default,48.0,46.3,48.2,52.4,43.4,37.4,40.9,,40.6,42.5,,42.0,45.8
EstonianValenceClassification,test,default,35.6,41.2,43.6,44.6,38.5,38.3,28.1,,28.9,28.8,,38.8,40.8
FilipinoShopeeReviewsClassification,test,default,36.9,34.3,35.5,38.3,33.2,32.7,,,25.4,25.9,,26.1,27.2
FilipinoShopeeReviewsClassification,validation,default,36.9,34.1,35.0,38.3,33.2,32.7,,,25.5,26.0,,26.0,27.0
FinToxicityClassification,test,default,57.1,55.5,61.0,61.7,55.5,61.1,,,40.1,42.8,,55.3,58.4
FinancialPhrasebankClassification,train,default,83.0,82.1,84.0,82.0,78.6,71.9,77.5,,74.5,83.0,,74.0,77.4
FrenchBookReviews,train,default,47.0,43.6,44.1,47.2,41.0,38.7,35.7,,33.0,34.6,,41.0,39.3
FrenkEnClassification,test,default,65.8,63.6,63.8,68.4,61.4,60.9,59.3,,58.8,61.5,,58.6,61.8
FrenkHrClassification,test,default,61.3,60.0,61.3,65.4,58.7,61.4,57.5,,57.5,57.3,,59.5,61.5
FrenkSlClassification,test,default,59.3,58.6,58.7,59.0,57.6,58.2,57.3,,,57.8,,55.7,57.1
FunctionOfDecisionSectionLegalBenchClassification,test,default,28.1,21.8,18.5,22.9,23.7,23.2,20.2,,17.2,21.3,,13.6,18.5
GeoreviewClassification,test,default,45.7,46.1,49.7,50.3,44.7,40.9,23.5,,,25.9,,38.2,42.3
GermanPoliticiansTwitterSentimentClassification,test,default,52.9,56.0,56.0,58.9,53.9,51.4,38.4,,38.9,38.1,,48.2,50.5
GreekLegalCodeClassification,test,default,32.2,29.0,32.7,54.1,29.9,19.3,4.0,,3.4,3.0,,29.1,31.0
GreekLegalCodeClassification,validation,default,33.2,29.1,32.8,54.1,30.3,19.8,4.3,,3.2,3.0,,30.4,32.3
GujaratiNewsClassification,test,default,64.7,74.9,76.7,87.0,74.4,76.4,41.6,,42.6,44.1,,76.9,81.9
HateSpeechPortugueseClassification,train,default,59.5,56.5,59.0,60.4,59.1,57.1,55.4,,,,54.3,52.3,55.7
HeadlineClassification,test,default,78.0,75.6,77.2,83.2,73.9,68.8,28.5,,,28.5,,68.3,70.3
HebrewSentimentAnalysis,test,default,63.7,67.0,68.9,70.6,67.0,61.6,53.5,,55.8,56.5,,59.3,63.4
HindiDiscourseClassification,train,default,39.9,39.0,38.7,36.5,39.3,38.4,28.9,,32.0,34.3,,37.4,38.7
HotelReviewSentimentClassification,train,default,49.7,51.8,53.2,57.9,47.5,49.9,40.4,,37.0,42.3,,42.0,46.3
IFlyTek,test,default,0.0,0.0,0.0,0.0,0.0,0.0,0.0,,,0.0,,0.0,0.0
IFlyTek,validation,default,48.5,40.8,41.9,47.4,40.7,43.2,15.3,,,17.2,,39.9,44.0
ImdbClassification,test,default,82.3,84.3,90.2,94.6,79.6,62.0,59.8,,61.8,71.2,,60.5,64.6
InappropriatenessClassification,test,default,60.1,58.8,61.6,64.6,59.2,58.5,50.8,,,51.8,,58.2,59.3
IndicLangClassification,test,default,80.7,22.9,20.3,86.3,17.0,19.2,48.1,,48.7,47.1,,27.7,17.9
IndicNLPNewsClassification,test,gu,87.8,97.5,98.3,,96.8,94.3,61.6,,,64.8,,75.8,79.5
IndicNLPNewsClassification,test,kn,90.1,94.7,95.5,,94.6,92.6,61.7,,,67.4,,73.4,84.8
IndicNLPNewsClassification,test,mal,64.8,85.6,87.3,,84.8,84.2,41.9,,,42.9,,59.4,71.5
IndicNLPNewsClassification,test,mr,93.3,96.6,96.9,,96.4,94.2,42.8,,,49.8,,91.3,94.3
IndicNLPNewsClassification,test,ori,66.8,94.2,95.3,,94.7,93.5,43.3,,,46.8,,62.3,91.3
IndicNLPNewsClassification,test,pa,78.3,95.8,96.5,,95.7,93.0,49.2,,,54.3,,64.3,92.0
IndicNLPNewsClassification,test,ta,88.3,94.7,95.2,,94.3,92.5,51.1,,,55.6,,70.9,68.8
IndicNLPNewsClassification,test,tel,88.3,97.3,98.0,,96.8,95.4,59.3,,,62.8,,75.4,78.9
IndicSentimentClassification,test,as,72.3,79.5,80.6,75.6,77.1,77.8,52.6,,52.9,53.1,,62.2,71.3
IndicSentimentClassification,test,bd,56.1,54.4,53.2,55.2,53.9,54.5,52.6,,54.5,51.2,,53.0,52.7
IndicSentimentClassification,test,bn,74.2,87.1,86.2,86.1,81.3,78.1,56.5,,53.5,54.9,,64.8,81.8
IndicSentimentClassification,test,gu,71.0,85.6,85.2,84.6,81.3,76.5,51.2,,51.0,51.3,,82.4,86.6
IndicSentimentClassification,test,hi,83.6,91.2,86.6,91.4,84.7,77.6,58.5,,56.2,54.3,,83.5,88.2
IndicSentimentClassification,test,kn,72.4,84.9,84.1,83.0,81.4,76.5,52.4,,52.2,52.6,,57.9,81.4
IndicSentimentClassification,test,ml,61.3,86.4,86.5,87.1,83.2,78.5,54.1,,53.0,55.3,,59.6,87.0
IndicSentimentClassification,test,mr,73.7,86.6,86.5,87.7,81.3,79.0,57.5,,57.3,54.6,,81.8,85.9
IndicSentimentClassification,test,or,67.7,82.5,84.7,82.5,80.2,77.3,51.3,,51.7,51.7,,68.6,83.2
IndicSentimentClassification,test,pa,70.2,85.5,83.1,80.8,80.8,78.6,51.0,,51.5,51.9,,63.6,80.2
IndicSentimentClassification,test,ta,70.6,86.8,86.3,87.8,81.5,77.8,50.8,,50.8,51.5,,56.9,81.8
IndicSentimentClassification,test,te,62.2,83.9,83.6,80.4,79.1,77.8,52.1,,51.4,52.6,,60.1,80.5
IndicSentimentClassification,test,ur,73.5,87.0,87.0,87.2,84.0,77.7,55.3,,56.4,54.3,,81.4,87.9
IndonesianIdClickbaitClassification,train,default,60.7,60.1,61.2,60.8,58.2,59.1,55.1,,53.9,54.2,,54.5,59.4
IndonesianMongabayConservationClassification,test,default,23.4,23.3,22.5,23.4,25.7,24.5,31.2,,30.3,29.0,,24.9,25.8
IndonesianMongabayConservationClassification,validation,default,24.0,23.6,22.4,23.6,25.6,25.1,32.4,,30.7,28.8,,25.7,26.0
InsurancePolicyInterpretationLegalBenchClassification,test,default,20.3,20.3,20.3,22.6,20.3,20.3,20.3,,20.3,20.3,,22.6,21.1
InternationalCitizenshipQuestionsLegalBenchClassification,test,default,60.7,61.5,59.7,62.6,62.0,64.7,63.4,,60.7,62.1,,63.8,60.2
IsiZuluNewsClassification,train,default,27.7,31.5,32.4,36.1,29.7,32.3,,24.7,,19.9,,20.5,19.9
ItaCaseholdClassification,test,default,66.9,61.5,63.0,77.6,63.8,53.3,67.2,,51.2,59.2,,54.5,71.8
Itacola,test,default,52.1,50.1,48.1,48.1,48.9,50.1,51.7,,52.1,54.6,,47.6,44.7
JCrewBlockerLegalBenchClassification,test,default,87.0,70.4,61.1,79.6,85.2,66.7,81.5,,77.8,85.2,,70.4,66.7
JDReview,test,default,84.0,75.7,80.5,82.9,78.4,79.1,59.6,,,60.2,,70.3,70.3
JavaneseIMDBClassification,test,default,58.8,56.0,55.5,61.3,56.1,55.5,,51.8,52.7,52.9,,52.0,53.4
KLUE-TC,validation,default,60.3,58.3,60.8,69.0,57.2,51.4,21.7,,20.9,23.2,,39.7,49.1
KannadaNewsClassification,train,default,73.4,81.1,83.6,92.9,80.5,81.9,43.8,,46.0,44.7,,71.0,80.7
KinopoiskClassification,test,default,56.1,50.9,56.6,62.4,50.0,46.8,34.2,,,34.2,,41.5,44.3
KorHateClassification,train,default,43.3,43.7,44.3,44.8,42.6,42.2,37.2,,34.4,36.8,,40.5,42.2
KorSarcasmClassification,train,default,57.6,54.7,56.8,57.0,55.2,56.1,54.4,,53.7,54.1,,55.7,55.6
KurdishSentimentClassification,test,default,65.7,76.4,77.1,80.4,78.6,61.0,58.6,,58.1,61.3,,80.3,79.2
LccSentimentClassification,test,default,57.2,60.1,61.5,70.8,58.6,50.1,41.9,,38.5,39.3,,54.5,58.4
LearnedHandsBenefitsLegalBenchClassification,test,default,77.3,68.2,71.2,59.1,72.7,65.2,72.7,,75.8,60.6,,78.8,68.2
LearnedHandsBusinessLegalBenchClassification,test,default,80.5,75.3,80.5,85.1,78.7,72.4,85.6,,79.9,77.0,,79.9,75.3
LearnedHandsConsumerLegalBenchClassification,test,default,60.4,63.8,63.4,62.9,64.7,61.4,72.3,,71.8,64.8,,65.5,67.6
LearnedHandsCourtsLegalBenchClassification,test,default,68.2,63.5,66.1,70.3,58.9,53.6,59.4,,67.2,67.7,,56.8,59.4
LearnedHandsCrimeLegalBenchClassification,test,default,77.6,75.1,78.5,76.7,74.7,70.6,79.1,,81.7,79.8,,73.3,72.7
LearnedHandsDivorceLegalBenchClassification,test,default,82.7,81.3,82.0,77.3,76.7,72.0,82.7,,85.3,84.7,,81.3,84.7
LearnedHandsDomesticViolenceLegalBenchClassification,test,default,81.0,81.6,81.6,82.2,78.7,76.4,74.1,,79.9,78.7,,74.1,73.6
LearnedHandsEducationLegalBenchClassification,test,default,71.4,80.4,82.1,89.3,73.2,71.4,75.0,,82.1,80.4,,87.5,78.6
LearnedHandsEmploymentLegalBenchClassification,test,default,81.3,75.8,80.7,92.1,76.1,73.1,74.9,,82.3,80.7,,81.7,85.6
LearnedHandsEstatesLegalBenchClassification,test,default,89.9,83.7,84.3,84.3,75.3,74.2,86.0,,87.6,86.0,,70.8,86.0
LearnedHandsFamilyLegalBenchClassification,test,default,87.8,81.7,85.8,86.3,83.5,77.7,84.5,,85.0,85.9,,81.6,86.5
LearnedHandsHealthLegalBenchClassification,test,default,64.6,62.4,62.8,65.9,70.4,65.9,65.0,,67.3,64.2,,73.9,65.9
LearnedHandsHousingLegalBenchClassification,test,default,77.1,73.2,74.2,78.7,68.5,59.8,83.9,,79.5,81.0,,84.5,87.6
LearnedHandsImmigrationLegalBenchClassification,test,default,95.5,89.6,92.5,96.3,88.8,91.0,92.5,,93.3,92.5,,85.8,90.3
LearnedHandsTortsLegalBenchClassification,test,default,70.8,66.9,70.8,70.8,63.0,63.9,70.1,,69.0,71.1,,65.7,70.1
LearnedHandsTrafficLegalBenchClassification,test,default,75.5,85.1,82.6,72.1,84.5,84.9,74.6,,76.3,78.6,,76.1,72.7
LegalReasoningCausalityLegalBenchClassification,test,default,50.9,45.5,63.6,65.5,65.5,50.9,43.6,,56.4,43.6,,54.5,61.8
MAUDLegalBenchClassification,test,default,30.8,30.6,30.0,30.2,31.6,30.8,30.6,,,29.8,,28.9,29.2
MTOPDomainClassification,test,de,88.3,87.9,90.4,92.6,86.2,86.9,72.0,,70.5,71.9,,79.2,85.7
MTOPDomainClassification,test,en,92.7,90.9,91.8,93.9,89.0,86.1,91.9,,91.7,91.9,,87.0,89.2
MTOPDomainClassification,test,es,88.4,86.0,88.3,92.2,85.5,84.1,73.0,,73.0,71.3,,83.1,87.0
MTOPDomainClassification,test,fr,88.4,82.9,86.2,89.9,81.5,84.1,75.6,,75.1,74.9,,78.6,81.2
MTOPDomainClassification,test,hi,86.9,83.9,86.8,89.9,84.1,85.1,40.4,,40.7,39.9,,81.4,84.8
MTOPDomainClassification,test,th,83.0,83.9,86.9,87.5,83.2,81.2,16.4,,15.7,17.5,,80.0,82.5
MTOPDomainClassification,validation,de,87.9,87.0,89.5,92.1,85.8,86.0,71.5,,70.4,72.1,,79.1,85.2
MTOPDomainClassification,validation,en,91.8,90.2,91.3,93.5,89.0,85.6,92.0,,92.0,92.3,,87.8,89.8
MTOPDomainClassification,validation,es,88.7,86.3,87.9,93.1,85.9,84.4,73.7,,73.4,73.6,,83.3,87.4
MTOPDomainClassification,validation,fr,87.5,82.4,85.7,90.3,81.9,82.9,75.0,,75.6,75.0,,79.7,82.0
MTOPDomainClassification,validation,hi,86.7,81.7,84.8,89.4,82.5,83.7,38.6,,39.1,38.1,,79.7,82.5
MTOPDomainClassification,validation,th,83.6,83.9,86.7,87.7,83.7,80.9,17.0,,16.8,18.4,,80.6,82.6
MTOPIntentClassification,test,de,69.5,61.0,66.0,79.1,55.9,63.5,43.4,,45.7,44.4,,54.2,61.3
MTOPIntentClassification,test,en,69.8,61.6,64.3,82.2,56.7,63.1,62.8,,61.6,68.3,,65.5,68.7
MTOPIntentClassification,test,es,67.5,55.4,61.9,80.1,53.1,64.5,41.9,,44.2,39.5,,60.3,66.6
MTOPIntentClassification,test,fr,65.9,52.2,56.2,76.4,44.4,62.0,39.0,,39.7,37.6,,54.0,59.7
MTOPIntentClassification,test,hi,59.5,53.9,59.2,77.7,52.3,62.6,17.8,,18.7,18.6,,59.9,62.4
MTOPIntentClassification,test,th,65.1,58.7,62.6,77.6,54.6,64.7,6.1,,5.8,5.4,,62.0,64.8
MTOPIntentClassification,validation,de,68.0,60.2,64.6,78.0,54.7,62.1,43.0,,45.3,44.3,,53.8,60.5
MTOPIntentClassification,validation,en,69.8,62.6,64.6,82.7,57.6,63.5,64.2,,63.3,69.5,,66.1,69.8
MTOPIntentClassification,validation,es,69.0,58.1,62.9,80.9,55.8,66.0,43.2,,44.9,41.2,,62.0,67.0
MTOPIntentClassification,validation,fr,66.6,54.5,57.1,77.7,45.5,61.6,40.5,,41.1,39.3,,55.5,60.6
MTOPIntentClassification,validation,hi,60.0,54.2,59.2,77.6,52.0,63.1,17.5,,18.3,17.7,,58.5,61.0
MTOPIntentClassification,validation,th,63.9,58.2,61.1,76.1,54.9,63.1,5.8,,5.5,5.2,,60.2,63.7
MacedonianTweetSentimentClassification,test,default,51.1,60.6,61.9,64.8,54.3,53.6,35.4,,35.3,35.1,,62.1,63.4
MalayalamNewsClassification,test,default,54.4,72.7,76.0,89.3,72.2,73.1,41.9,,41.4,41.8,,62.9,71.3
MarathiNewsClassification,test,default,62.2,62.7,64.9,81.4,63.2,61.9,39.4,,38.8,42.2,,61.0,69.0
MasakhaNEWSClassification,test,amh,53.1,,83.7,,84.3,81.8,,,,,,64.3,78.8
MasakhaNEWSClassification,test,eng,77.6,,78.3,,75.6,77.8,,,,,,74.7,75.4
MasakhaNEWSClassification,test,fra,77.4,,76.1,,74.7,72.1,,,,,,71.7,72.9
MasakhaNEWSClassification,test,hau,74.7,,76.2,,73.1,73.1,,,,,,48.0,54.5
MasakhaNEWSClassification,test,ibo,68.6,,70.1,,63.9,69.1,,,,,,42.5,46.8
MasakhaNEWSClassification,test,lin,74.2,,75.9,,73.4,74.6,,,,,,59.3,69.8
MasakhaNEWSClassification,test,lug,72.3,,73.6,,67.9,57.4,,,,,,42.3,43.0
MasakhaNEWSClassification,test,orm,77.6,,80.3,,68.8,51.6,,,,,,35.0,42.0
MasakhaNEWSClassification,test,pcm,91.3,,89.1,,90.8,91.4,,,,,,89.5,90.2
MasakhaNEWSClassification,test,run,76.3,,76.6,,75.4,73.8,,,,,,47.2,50.0
MasakhaNEWSClassification,test,sna,86.0,,87.0,,82.8,87.2,,,,,,57.6,59.8
MasakhaNEWSClassification,test,som,63.7,,64.6,,59.8,60.0,,,,,,34.8,47.7
MasakhaNEWSClassification,test,swa,73.4,,73.4,,69.9,69.3,,,,,,46.1,60.4
MasakhaNEWSClassification,test,tir,34.4,,72.1,,68.0,61.7,,,,,,27.9,45.0
MasakhaNEWSClassification,test,xho,83.3,,82.6,,72.2,77.3,,,,,,44.8,48.8
MasakhaNEWSClassification,test,yor,80.9,,81.1,,73.8,77.1,,,,,,52.9,58.3
MassiveIntentClassification,test,af,59.5,,,,48.7,,,,37.5,36.5,,,52.3
MassiveIntentClassification,test,am,34.7,,,,43.5,,,,2.6,2.4,,,41.6
MassiveIntentClassification,test,ar,54.5,,,,47.8,,,,19.0,20.4,,,51.4
MassiveIntentClassification,test,az,56.2,,,,49.3,,,,30.6,28.9,,,57.0
MassiveIntentClassification,test,bn,52.6,,,,50.7,,,,13.1,12.4,,,48.8
MassiveIntentClassification,test,cy,48.6,,,,36.6,,,,34.5,30.8,,,27.9
MassiveIntentClassification,test,da,65.4,,,,56.1,,,,41.0,42.4,,,62.8
MassiveIntentClassification,test,de,67.7,,,,55.5,,,,43.4,44.5,,,59.6
MassiveIntentClassification,test,el,60.5,,,,54.1,,,,24.2,24.5,,,62.6
MassiveIntentClassification,test,en,71.5,,,,63.9,,,,66.9,69.8,,,69.3
MassiveIntentClassification,test,es,66.5,,,,59.2,,,,39.9,39.7,,,64.4
MassiveIntentClassification,test,fa,66.0,,,,57.7,,,,19.1,22.5,,,65.3
MassiveIntentClassification,test,fi,60.6,,,,55.1,,,,38.4,34.6,,,62.3
MassiveIntentClassification,test,fr,67.7,,,,57.9,,,,42.5,44.3,,,64.8
MassiveIntentClassification,test,he,57.7,,,,51.1,,,,22.5,23.6,,,58.2
MassiveIntentClassification,test,hi,61.2,,,,55.7,,,,17.7,17.7,,,62.8
MassiveIntentClassification,test,hu,63.5,,,,53.2,,,,35.7,34.4,,,63.9
MassiveIntentClassification,test,hy,43.1,,,,47.9,,,,7.6,10.1,,,57.8
MassiveIntentClassification,test,id,65.6,,,,56.2,,,,39.0,36.3,,,65.4
MassiveIntentClassification,test,is,52.0,,,,41.5,,,,29.9,31.5,,,37.1
MassiveIntentClassification,test,it,68.0,,,,58.8,,,,41.6,40.3,,,64.7
MassiveIntentClassification,test,ja,68.6,,,,61.6,,,,31.9,33.1,,,63.8
MassiveIntentClassification,test,jv,50.2,,,,43.0,,,,35.9,31.7,,,36.5
MassiveIntentClassification,test,ka,42.0,,,,39.5,,,,9.1,7.7,,,49.9
MassiveIntentClassification,test,km,38.9,,,,33.4,,,,4.9,4.7,,,45.5
MassiveIntentClassification,test,kn,44.5,,,,47.9,,,,3.1,3.8,,,50.6
MassiveIntentClassification,test,ko,65.7,,,,57.1,,,,16.0,13.3,,,61.8
MassiveIntentClassification,test,lv,51.1,,,,44.9,,,,37.0,35.1,,,61.3
MassiveIntentClassification,test,ml,43.6,,,,52.8,,,,2.9,2.6,,,54.3
MassiveIntentClassification,test,mn,40.8,,,,47.4,,,,20.3,19.6,,,56.6
MassiveIntentClassification,test,ms,62.6,,,,50.8,,,,35.1,30.5,,,60.7
MassiveIntentClassification,test,my,36.9,,,,45.6,,,,4.2,4.6,,,57.1
MassiveIntentClassification,test,nb,63.6,,,,55.4,,,,39.4,39.3,,,62.6
MassiveIntentClassification,test,nl,66.8,,,,59.3,,,,40.2,38.5,,,63.6
MassiveIntentClassification,test,pl,68.0,,,,57.3,,,,36.1,34.3,,,64.3
MassiveIntentClassification,test,pt,67.8,,,,60.1,,,,43.8,42.8,,,64.9
MassiveIntentClassification,test,ro,62.4,,,,52.8,,,,40.5,38.1,,,62.8
MassiveIntentClassification,test,ru,69.4,,,,58.4,,,,27.6,24.0,,,63.2
MassiveIntentClassification,test,sl,63.1,,,,47.7,,,,36.7,34.5,,,63.5
MassiveIntentClassification,test,sq,51.0,,,,48.7,,,,40.7,37.3,,,62.5
MassiveIntentClassification,test,sv,67.7,,,,58.2,,,,38.1,39.0,,,64.7
MassiveIntentClassification,test,sw,50.1,,,,44.8,,,,35.0,31.8,,,31.9
MassiveIntentClassification,test,ta,43.5,,,,47.6,,,,11.3,9.2,,,50.2
MassiveIntentClassification,test,te,44.7,,,,48.9,,,,2.5,2.3,,,52.9
MassiveIntentClassification,test,th,59.0,,,,56.3,,,,11.3,8.5,,,61.1
MassiveIntentClassification,test,tl,61.8,,,,48.7,,,,37.9,36.3,,,38.8
MassiveIntentClassification,test,tr,65.3,,,,56.9,,,,33.8,32.0,,,64.6
MassiveIntentClassification,test,ur,54.1,,,,50.5,,,,14.4,12.9,,,56.4
MassiveIntentClassification,test,vi,62.1,,,,56.2,,,,37.1,31.5,,,59.7
MassiveIntentClassification,test,zh-CN,67.4,,,,62.0,,,,24.4,24.4,,,65.3
MassiveIntentClassification,test,zh-TW,62.1,,,,53.8,,,,22.6,22.4,,,62.3
MassiveIntentClassification,validation,af,59.8,,,,49.1,,,,36.5,37.4,,,52.3
MassiveIntentClassification,validation,am,34.2,,,,43.9,,,,2.4,2.2,,,42.4
MassiveIntentClassification,validation,ar,54.9,,,,47.8,,,,18.0,19.8,,,52.2
MassiveIntentClassification,validation,az,56.6,,,,49.0,,,,28.7,28.6,,,57.4
MassiveIntentClassification,validation,bn,52.6,,,,50.7,,,,12.1,11.8,,,50.0
MassiveIntentClassification,validation,cy,48.4,,,,35.9,,,,33.7,30.4,,,27.3
MassiveIntentClassification,validation,da,65.6,,,,56.6,,,,39.7,40.5,,,63.1
MassiveIntentClassification,validation,de,68.1,,,,55.2,,,,42.2,42.9,,,59.9
MassiveIntentClassification,validation,el,61.3,,,,54.8,,,,22.5,23.5,,,63.3
MassiveIntentClassification,validation,en,71.8,,,,64.6,,,,67.9,70.6,,,70.8
MassiveIntentClassification,validation,es,67.3,,,,60.2,,,,40.6,39.5,,,64.7
MassiveIntentClassification,validation,fa,65.9,,,,59.0,,,,19.7,22.9,,,66.0
MassiveIntentClassification,validation,fi,60.3,,,,54.5,,,,37.0,33.5,,,62.0
MassiveIntentClassification,validation,fr,68.7,,,,58.3,,,,41.9,43.6,,,65.6
MassiveIntentClassification,validation,he,57.6,,,,51.7,,,,20.6,22.0,,,59.5
MassiveIntentClassification,validation,hi,61.2,,,,55.9,,,,17.6,16.3,,,62.9
MassiveIntentClassification,validation,hu,63.3,,,,52.8,,,,33.8,33.2,,,64.4
MassiveIntentClassification,validation,hy,44.0,,,,48.3,,,,7.1,9.2,,,59.4
MassiveIntentClassification,validation,id,66.1,,,,56.3,,,,38.6,36.3,,,66.3
MassiveIntentClassification,validation,is,52.9,,,,40.8,,,,29.5,31.5,,,37.2
MassiveIntentClassification,validation,it,68.3,,,,59.1,,,,40.8,39.5,,,66.2
MassiveIntentClassification,validation,ja,69.3,,,,61.7,,,,30.5,31.8,,,64.8
MassiveIntentClassification,validation,jv,50.0,,,,43.1,,,,35.6,31.0,,,37.1
MassiveIntentClassification,validation,ka,41.8,,,,38.5,,,,8.6,7.3,,,49.1
MassiveIntentClassification,validation,km,37.9,,,,32.6,,,,4.5,4.4,,,45.0
MassiveIntentClassification,validation,kn,44.5,,,,47.9,,,,3.4,4.0,,,52.3
MassiveIntentClassification,validation,ko,66.6,,,,58.5,,,,16.1,13.4,,,63.1
MassiveIntentClassification,validation,lv,51.3,,,,44.5,,,,36.2,34.0,,,61.2
MassiveIntentClassification,validation,ml,42.2,,,,52.9,,,,2.5,2.5,,,55.2
MassiveIntentClassification,validation,mn,40.2,,,,47.3,,,,18.9,18.2,,,57.0
MassiveIntentClassification,validation,ms,62.2,,,,51.2,,,,34.1,29.4,,,61.6
MassiveIntentClassification,validation,my,36.5,,,,45.4,,,,4.5,5.0,,,58.7
MassiveIntentClassification,validation,nb,64.0,,,,54.9,,,,38.2,38.5,,,63.0
MassiveIntentClassification,validation,nl,67.4,,,,58.9,,,,38.2,37.0,,,63.7
MassiveIntentClassification,validation,pl,68.3,,,,57.6,,,,35.0,33.4,,,65.2
MassiveIntentClassification,validation,pt,66.9,,,,60.4,,,,42.6,41.7,,,65.8
MassiveIntentClassification,validation,ro,62.4,,,,52.7,,,,39.3,36.6,,,63.1
MassiveIntentClassification,validation,ru,69.2,,,,58.7,,,,27.1,23.3,,,64.4
MassiveIntentClassification,validation,sl,63.2,,,,47.5,,,,36.5,34.4,,,63.3
MassiveIntentClassification,validation,sq,51.1,,,,49.6,,,,40.2,36.0,,,64.0
MassiveIntentClassification,validation,sv,67.5,,,,57.6,,,,38.0,38.2,,,64.6
MassiveIntentClassification,validation,sw,49.5,,,,44.1,,,,33.9,30.3,,,30.9
MassiveIntentClassification,validation,ta,43.0,,,,48.1,,,,11.4,8.4,,,51.4
MassiveIntentClassification,validation,te,45.1,,,,47.8,,,,2.2,2.1,,,52.3
MassiveIntentClassification,validation,th,59.1,,,,56.6,,,,10.3,7.8,,,62.2
MassiveIntentClassification,validation,tl,62.2,,,,49.2,,,,38.1,35.0,,,38.3
MassiveIntentClassification,validation,tr,65.5,,,,56.7,,,,33.1,30.2,,,65.6
MassiveIntentClassification,validation,ur,54.5,,,,50.3,,,,15.1,13.4,,,56.9
MassiveIntentClassification,validation,vi,62.0,,,,55.1,,,,37.4,32.2,,,59.8
MassiveIntentClassification,validation,zh-CN,68.0,,,,62.7,,,,25.9,25.6,,,66.4
MassiveIntentClassification,validation,zh-TW,62.4,,,,54.1,,,,24.1,23.7,,,63.0
MassiveScenarioClassification,test,af,67.3,,,,58.0,,,,43.9,43.6,,,59.7
MassiveScenarioClassification,test,am,42.0,,,,50.5,,,,7.6,7.4,,,49.0
MassiveScenarioClassification,test,ar,61.5,,,,54.6,,,,26.0,27.8,,,57.8
MassiveScenarioClassification,test,az,61.7,,,,53.3,,,,35.6,36.4,,,61.5
MassiveScenarioClassification,test,bn,58.8,,,,57.4,,,,20.6,17.5,,,54.5
MassiveScenarioClassification,test,cy,57.4,,,,44.6,,,,39.0,34.8,,,35.3
MassiveScenarioClassification,test,da,71.5,,,,64.0,,,,47.0,49.5,,,71.0
MassiveScenarioClassification,test,de,73.6,,,,65.9,,,,51.5,54.1,,,67.3
MassiveScenarioClassification,test,el,67.4,,,,62.3,,,,31.3,33.9,,,68.8
MassiveScenarioClassification,test,en,73.9,,,,69.3,,,,73.8,75.7,,,75.3
MassiveScenarioClassification,test,es,71.1,,,,64.4,,,,49.0,50.9,,,70.4
MassiveScenarioClassification,test,fa,70.5,,,,63.3,,,,24.0,27.8,,,69.9
MassiveScenarioClassification,test,fi,65.9,,,,61.9,,,,42.4,38.4,,,67.6
MassiveScenarioClassification,test,fr,70.8,,,,63.9,,,,51.1,54.3,,,70.7
MassiveScenarioClassification,test,he,63.3,,,,59.2,,,,24.0,25.5,,,65.2
MassiveScenarioClassification,test,hi,66.2,,,,62.2,,,,23.7,23.1,,,67.9
MassiveScenarioClassification,test,hu,69.7,,,,61.9,,,,41.6,41.0,,,70.3
MassiveScenarioClassification,test,hy,49.3,,,,52.9,,,,13.0,16.9,,,63.0
MassiveScenarioClassification,test,id,72.4,,,,62.0,,,,43.5,43.0,,,70.7
MassiveScenarioClassification,test,is,61.6,,,,49.7,,,,36.1,39.4,,,44.2
MassiveScenarioClassification,test,it,71.9,,,,64.0,,,,49.8,51.4,,,69.7
MassiveScenarioClassification,test,ja,72.8,,,,67.8,,,,37.3,40.6,,,69.7
MassiveScenarioClassification,test,jv,58.2,,,,51.4,,,,43.6,40.0,,,44.2
MassiveScenarioClassification,test,ka,49.3,,,,45.0,,,,14.9,13.4,,,57.3
MassiveScenarioClassification,test,km,45.5,,,,39.0,,,,9.2,9.6,,,53.1
MassiveScenarioClassification,test,kn,49.5,,,,52.7,,,,7.8,8.3,,,56.1
MassiveScenarioClassification,test,ko,70.8,,,,65.7,,,,20.3,17.3,,,68.5
MassiveScenarioClassification,test,lv,57.3,,,,51.0,,,,40.4,39.3,,,66.3
MassiveScenarioClassification,test,ml,48.5,,,,60.3,,,,7.7,7.7,,,60.1
MassiveScenarioClassification,test,mn,46.6,,,,52.4,,,,25.5,25.6,,,60.8
MassiveScenarioClassification,test,ms,69.7,,,,59.2,,,,43.7,37.3,,,65.8
MassiveScenarioClassification,test,my,44.2,,,,51.1,,,,10.6,10.8,,,63.0
MassiveScenarioClassification,test,nb,69.7,,,,62.0,,,,44.7,45.7,,,70.2
MassiveScenarioClassification,test,nl,72.5,,,,67.0,,,,48.4,47.8,,,70.4
MassiveScenarioClassification,test,pl,71.9,,,,64.3,,,,43.8,42.7,,,69.0
MassiveScenarioClassification,test,pt,71.0,,,,62.8,,,,50.7,52.1,,,70.1
MassiveScenarioClassification,test,ro,68.5,,,,60.0,,,,48.2,47.9,,,67.9
MassiveScenarioClassification,test,ru,73.9,,,,63.9,,,,30.5,28.7,,,69.9
MassiveScenarioClassification,test,sl,70.2,,,,54.0,,,,41.9,39.9,,,70.8
MassiveScenarioClassification,test,sq,57.5,,,,56.1,,,,47.2,44.7,,,69.6
MassiveScenarioClassification,test,sv,73.2,,,,67.3,,,,42.9,44.5,,,71.6
MassiveScenarioClassification,test,sw,58.9,,,,52.4,,,,43.3,40.3,,,37.3
MassiveScenarioClassification,test,ta,50.9,,,,52.7,,,,17.4,14.6,,,56.0
MassiveScenarioClassification,test,te,50.8,,,,54.9,,,,7.9,7.8,,,58.8
MassiveScenarioClassification,test,th,64.5,,,,65.7,,,,19.5,17.0,,,69.4
MassiveScenarioClassification,test,tl,69.0,,,,55.3,,,,45.7,47.0,,,44.0
MassiveScenarioClassification,test,tr,68.7,,,,62.1,,,,38.9,39.1,,,70.4
MassiveScenarioClassification,test,ur,62.5,,,,55.9,,,,23.7,20.0,,,62.9
MassiveScenarioClassification,test,vi,69.2,,,,62.7,,,,40.5,35.9,,,65.7
MassiveScenarioClassification,test,zh-CN,71.9,,,,69.0,,,,33.6,35.3,,,71.2
MassiveScenarioClassification,test,zh-TW,67.7,,,,61.1,,,,31.2,31.7,,,68.7
MassiveScenarioClassification,validation,af,66.9,,,,58.2,,,,43.6,44.0,,,59.7
MassiveScenarioClassification,validation,am,41.7,,,,50.2,,,,7.4,7.5,,,48.8
MassiveScenarioClassification,validation,ar,60.8,,,,54.8,,,,24.4,26.7,,,57.6
MassiveScenarioClassification,validation,az,61.5,,,,53.2,,,,35.1,35.9,,,62.3
MassiveScenarioClassification,validation,bn,58.2,,,,57.2,,,,19.8,16.8,,,56.1
MassiveScenarioClassification,validation,cy,57.2,,,,43.6,,,,38.8,34.6,,,32.9
MassiveScenarioClassification,validation,da,70.2,,,,63.5,,,,44.7,47.4,,,71.0
MassiveScenarioClassification,validation,de,72.6,,,,64.6,,,,50.0,52.3,,,66.7
MassiveScenarioClassification,validation,el,67.1,,,,62.2,,,,29.3,31.4,,,69.1
MassiveScenarioClassification,validation,en,72.8,,,,69.5,,,,73.9,75.9,,,76.3
MassiveScenarioClassification,validation,es,70.7,,,,65.1,,,,49.3,50.9,,,70.6
MassiveScenarioClassification,validation,fa,69.7,,,,63.6,,,,22.9,27.9,,,70.5
MassiveScenarioClassification,validation,fi,65.4,,,,61.4,,,,40.7,37.8,,,68.0
MassiveScenarioClassification,validation,fr,70.7,,,,63.4,,,,50.6,53.9,,,71.2
MassiveScenarioClassification,validation,he,63.4,,,,59.0,,,,23.9,25.1,,,66.5
MassiveScenarioClassification,validation,hi,65.7,,,,61.8,,,,23.1,22.0,,,69.3
MassiveScenarioClassification,validation,hu,69.3,,,,61.1,,,,39.3,39.5,,,70.1
MassiveScenarioClassification,validation,hy,49.0,,,,53.2,,,,12.4,16.1,,,63.7
MassiveScenarioClassification,validation,id,71.9,,,,62.4,,,,43.0,42.8,,,71.4
MassiveScenarioClassification,validation,is,60.7,,,,48.2,,,,35.2,39.4,,,44.6
MassiveScenarioClassification,validation,it,71.4,,,,64.1,,,,49.4,51.0,,,70.4
MassiveScenarioClassification,validation,ja,72.9,,,,67.3,,,,37.6,41.4,,,70.3
MassiveScenarioClassification,validation,jv,58.2,,,,50.9,,,,42.8,39.0,,,44.9
MassiveScenarioClassification,validation,ka,48.2,,,,44.7,,,,14.1,13.1,,,57.2
MassiveScenarioClassification,validation,km,44.6,,,,38.4,,,,8.8,9.1,,,52.6
MassiveScenarioClassification,validation,kn,49.3,,,,52.4,,,,8.4,8.7,,,57.4
MassiveScenarioClassification,validation,ko,71.3,,,,65.6,,,,20.6,18.2,,,68.9
MassiveScenarioClassification,validation,lv,57.1,,,,50.9,,,,40.2,38.7,,,66.5
MassiveScenarioClassification,validation,ml,46.8,,,,59.3,,,,7.5,7.6,,,60.0
MassiveScenarioClassification,validation,mn,46.2,,,,52.5,,,,24.1,24.7,,,61.8
MassiveScenarioClassification,validation,ms,69.0,,,,60.1,,,,42.4,37.3,,,67.4
MassiveScenarioClassification,validation,my,43.4,,,,50.6,,,,11.2,11.5,,,63.3
MassiveScenarioClassification,validation,nb,69.3,,,,60.9,,,,43.4,45.4,,,69.9
MassiveScenarioClassification,validation,nl,70.8,,,,65.4,,,,46.5,46.8,,,70.0
MassiveScenarioClassification,validation,pl,71.1,,,,63.4,,,,42.5,41.3,,,68.7
MassiveScenarioClassification,validation,pt,70.1,,,,62.7,,,,49.5,51.2,,,70.3
MassiveScenarioClassification,validation,ro,68.4,,,,60.6,,,,47.6,47.2,,,68.4
MassiveScenarioClassification,validation,ru,73.6,,,,63.8,,,,30.0,29.3,,,71.6
MassiveScenarioClassification,validation,sl,69.9,,,,53.5,,,,41.4,39.7,,,70.3
MassiveScenarioClassification,validation,sq,57.4,,,,56.9,,,,45.5,44.1,,,69.8
MassiveScenarioClassification,validation,sv,71.9,,,,66.5,,,,42.9,44.5,,,71.9
MassiveScenarioClassification,validation,sw,58.7,,,,52.2,,,,41.8,38.8,,,36.1
MassiveScenarioClassification,validation,ta,50.1,,,,53.0,,,,17.6,15.1,,,56.7
MassiveScenarioClassification,validation,te,49.9,,,,53.5,,,,7.6,7.4,,,58.1
MassiveScenarioClassification,validation,th,65.0,,,,66.2,,,,18.8,16.4,,,70.1
MassiveScenarioClassification,validation,tl,69.1,,,,55.7,,,,46.4,46.8,,,44.5
MassiveScenarioClassification,validation,tr,67.8,,,,61.7,,,,38.2,37.4,,,71.0
MassiveScenarioClassification,validation,ur,61.5,,,,55.5,,,,23.3,19.9,,,63.4
MassiveScenarioClassification,validation,vi,67.9,,,,61.8,,,,40.9,36.6,,,65.4
MassiveScenarioClassification,validation,zh-CN,71.4,,,,68.4,,,,35.2,36.6,,,71.2
MassiveScenarioClassification,validation,zh-TW,67.3,,,,61.0,,,,33.3,33.3,,,69.8
Moroco,test,default,71.8,68.5,68.9,72.2,68.1,64.1,45.0,,,58.8,,63.3,64.4
MovieReviewSentimentClassification,test,default,90.0,76.8,81.9,92.1,75.1,68.1,56.9,,54.6,59.3,,71.0,77.3
MovieReviewSentimentClassification,validation,default,89.3,76.1,81.1,91.2,74.9,67.4,57.8,,55.1,60.2,,71.6,77.3
MultiHateClassification,test,ara,57.0,54.4,55.6,55.4,53.0,59.3,50.6,,49.3,51.6,,55.7,56.9
MultiHateClassification,test,cmn,66.0,60.2,63.5,65.3,56.7,62.2,54.4,,54.4,52.6,,59.7,61.2
MultiHateClassification,test,deu,71.9,60.4,67.5,69.7,60.3,59.3,51.2,,51.5,54.3,,60.4,66.0
MultiHateClassification,test,eng,77.7,66.4,72.5,76.9,60.8,64.0,60.6,,60.5,64.3,,62.3,66.6
MultiHateClassification,test,fra,63.8,57.7,61.6,63.9,55.4,59.1,52.8,,52.9,53.3,,58.8,61.0
MultiHateClassification,test,hin,59.1,56.5,56.2,56.6,55.1,56.3,55.0,,55.0,56.2,,54.3,55.5
MultiHateClassification,test,ita,65.1,61.8,65.2,68.6,58.6,61.8,56.4,,55.6,55.7,,60.9,64.9
MultiHateClassification,test,nld,67.6,58.1,62.6,65.0,57.3,59.0,53.6,,53.9,54.3,,57.3,62.6
MultiHateClassification,test,pol,66.6,60.4,64.1,66.0,58.4,62.2,54.6,,52.8,54.5,,59.2,63.0
MultiHateClassification,test,por,68.3,59.4,63.6,69.2,61.5,65.1,53.2,,53.0,53.0,,62.0,66.2
MultiHateClassification,test,spa,67.9,59.2,65.1,69.8,57.5,60.3,54.7,,55.3,56.3,,58.0,64.1
MultilingualSentiment,test,default,68.1,68.6,71.0,75.0,66.3,65.5,41.2,,,,,62.7,67.0
MultilingualSentiment,validation,default,68.1,67.6,70.8,74.3,66.0,64.6,40.5,,,,,61.9,66.5
MultilingualSentimentClassification,test,ara,70.0,71.6,74.2,80.9,68.0,69.2,54.8,,55.3,52.8,,64.7,73.6
MultilingualSentimentClassification,test,bam,65.1,61.5,64.7,63.4,64.0,62.4,65.6,,65.2,62.7,,55.4,56.6
MultilingualSentimentClassification,test,bul,76.3,79.9,87.3,89.0,72.6,74.8,54.4,,52.3,54.8,,77.9,84.2
MultilingualSentimentClassification,test,cmn,78.5,78.1,83.3,91.7,72.9,70.2,53.4,,56.0,48.8,,59.6,71.2
MultilingualSentimentClassification,test,cym,61.7,58.6,61.8,73.2,56.8,63.0,52.3,,51.7,51.7,,52.1,52.0
MultilingualSentimentClassification,test,deu,72.2,75.6,79.7,79.0,69.7,64.7,55.2,,54.5,52.7,,60.4,68.8
MultilingualSentimentClassification,test,dza,71.7,68.2,72.9,75.9,62.0,67.9,56.8,,59.0,59.0,,62.4,65.4
MultilingualSentimentClassification,test,ell,82.8,84.1,85.0,85.9,83.2,82.0,65.5,,65.8,66.7,,79.3,83.4
MultilingualSentimentClassification,test,eng,87.1,85.5,88.4,90.1,78.1,61.8,65.3,,61.9,77.8,,71.0,78.5
MultilingualSentimentClassification,test,eus,61.4,75.2,84.4,83.6,73.9,78.2,57.7,,61.2,61.5,,57.2,63.4
MultilingualSentimentClassification,test,fas,68.6,75.7,76.7,78.3,75.1,72.4,55.7,,54.9,55.0,,73.9,75.3
MultilingualSentimentClassification,test,fin,70.4,76.6,82.4,86.1,73.0,76.3,61.5,,59.4,62.8,,78.5,82.3
MultilingualSentimentClassification,test,heb,76.8,78.5,80.9,82.2,76.5,77.8,69.2,,70.7,71.0,,76.4,79.5
MultilingualSentimentClassification,test,hrv,86.2,85.8,91.5,94.3,82.1,80.6,64.8,,62.9,60.1,,75.7,80.2
MultilingualSentimentClassification,test,ind,84.9,83.9,85.0,90.9,82.9,83.9,71.8,,71.8,71.9,,84.8,87.1
MultilingualSentimentClassification,test,jpn,79.9,75.9,81.6,87.4,77.8,71.4,56.2,,57.6,56.0,,68.4,67.2
MultilingualSentimentClassification,test,kor,73.0,68.4,73.8,77.4,67.5,63.7,52.7,,51.7,52.4,,61.5,70.3
MultilingualSentimentClassification,test,mlt,55.4,59.9,63.3,61.1,58.0,61.6,54.9,,54.8,57.0,,55.2,54.7
MultilingualSentimentClassification,test,nor,69.2,75.0,80.6,78.9,70.4,62.4,51.3,,52.7,55.3,,69.2,73.0
MultilingualSentimentClassification,test,pol,79.8,84.0,93.5,97.7,83.4,78.5,57.3,,59.1,57.9,,74.5,78.9
MultilingualSentimentClassification,test,rus,74.0,77.5,79.8,79.2,79.5,75.3,52.9,,51.5,56.6,,74.0,71.9
MultilingualSentimentClassification,test,slk,86.3,85.0,88.1,94.0,82.1,84.2,69.0,,67.8,66.4,,89.0,89.7
MultilingualSentimentClassification,test,spa,81.2,90.1,92.5,94.5,89.6,79.6,63.1,,59.1,65.2,,85.9,89.0
MultilingualSentimentClassification,test,tha,68.1,71.7,72.5,75.6,70.2,66.6,56.3,,55.5,55.4,,71.6,71.0
MultilingualSentimentClassification,test,tur,67.1,76.4,80.6,85.6,72.5,68.3,51.6,,52.0,51.2,,77.3,78.5
MultilingualSentimentClassification,test,uig,69.6,78.0,79.0,81.1,79.6,80.2,56.1,,56.1,58.7,,65.1,79.2
MultilingualSentimentClassification,test,urd,55.2,61.5,65.0,64.3,60.4,57.3,49.5,,50.8,51.3,,59.6,63.2
MultilingualSentimentClassification,test,vie,62.9,68.8,74.2,80.2,62.9,64.0,55.2,,54.3,54.0,,65.1,68.5
MultilingualSentimentClassification,test,zho,67.8,71.4,71.8,78.4,65.7,68.9,54.6,,56.8,54.0,,68.5,69.2
MyanmarNews,train,default,49.1,65.4,67.9,80.9,70.8,68.1,31.3,,,30.9,,40.9,45.1
NYSJudicialEthicsLegalBenchClassification,test,default,52.1,47.3,47.6,46.9,51.4,52.7,45.9,,45.2,45.5,,49.3,51.7
NaijaSenti,test,hau,52.3,49.6,50.8,53.2,48.0,50.3,44.4,,43.6,46.7,,41.5,47.8
NaijaSenti,test,ibo,46.1,42.6,44.2,47.5,43.1,46.7,44.4,,43.8,42.3,,40.4,41.8
NaijaSenti,test,pcm,43.6,40.1,40.4,41.5,40.8,36.8,34.3,,36.8,37.2,,36.7,36.9
NaijaSenti,test,yor,39.6,43.1,44.9,42.2,39.7,41.6,36.7,,38.0,35.1,,33.7,33.6
NepaliNewsClassification,train,default,92.7,89.4,88.5,96.9,90.3,86.8,51.4,,,53.7,,77.1,93.7
NewsClassification,test,default,81.9,81.1,81.0,88.3,79.6,71.6,75.6,,75.6,75.7,,68.6,73.3
NoRecClassification,test,default,52.1,53.7,58.4,64.6,50.1,45.4,37.7,,,38.3,,46.7,50.3
NordicLangClassification,test,default,63.6,75.9,80.2,82.4,72.2,35.4,54.2,,54.7,50.1,,42.5,41.6
NorwegianParliamentClassification,test,default,57.3,55.9,56.5,57.4,56.3,53.6,53.6,,,54.8,,53.8,53.3
NorwegianParliamentClassification,validation,default,56.7,55.5,56.1,57.1,56.1,54.0,54.3,,,55.3,,53.5,53.6
NusaParagraphEmotionClassification,test,bew,50.9,41.3,48.2,,39.8,43.0,21.8,,,22.9,,33.7,42.4
NusaParagraphEmotionClassification,test,btk,36.4,33.5,32.6,,31.8,31.0,24.2,,,28.1,,27.1,26.5
NusaParagraphEmotionClassification,test,bug,40.5,33.3,33.6,,31.7,35.7,25.7,,,23.5,,26.6,28.0
NusaParagraphEmotionClassification,test,jav,41.7,39.2,46.4,,38.5,42.4,25.3,,,21.8,,22.4,29.3
NusaParagraphEmotionClassification,test,mad,32.3,29.2,29.8,,31.2,30.6,23.2,,,23.0,,21.2,21.9
NusaParagraphEmotionClassification,test,mak,38.1,33.0,35.6,,32.6,32.3,22.3,,,26.1,,25.8,25.1
NusaParagraphEmotionClassification,test,min,49.0,41.5,48.8,,40.7,40.7,22.4,,,24.3,,31.2,35.6
NusaParagraphEmotionClassification,test,mui,54.2,48.8,52.3,,46.6,50.7,30.4,,,30.5,,43.0,54.0
NusaParagraphEmotionClassification,test,rej,49.4,42.5,43.5,,45.3,42.0,30.3,,,33.0,,27.6,27.3
NusaParagraphEmotionClassification,test,sun,41.8,40.7,45.7,,37.4,40.2,21.7,,,23.2,,22.2,28.7
NusaParagraphTopicClassification,test,bew,74.0,66.6,71.7,80.3,66.3,67.6,,,,,,60.9,67.4
NusaParagraphTopicClassification,test,btk,67.8,62.3,62.9,73.2,61.0,62.9,,,,,,49.6,53.6
NusaParagraphTopicClassification,test,bug,55.4,43.8,45.3,71.9,42.8,49.6,,,,,,51.8,55.2
NusaParagraphTopicClassification,test,jav,73.1,67.6,70.8,80.2,65.1,67.1,,,,,,48.5,61.8
NusaParagraphTopicClassification,test,mad,69.3,64.0,66.9,72.7,59.1,62.3,,,,,,42.9,50.1
NusaParagraphTopicClassification,test,mak,71.8,66.7,67.9,74.9,63.5,62.1,,,,,,48.9,53.0
NusaParagraphTopicClassification,test,min,74.9,69.2,71.8,80.3,67.0,67.5,,,,,,59.3,67.3
NusaParagraphTopicClassification,test,mui,81.1,79.5,80.6,85.4,77.8,76.3,,,,,,71.0,78.6
NusaParagraphTopicClassification,test,rej,81.7,69.1,68.3,85.7,65.6,74.3,,,,,,65.1,75.5
NusaParagraphTopicClassification,test,sun,76.4,72.0,72.2,81.9,69.9,70.3,,,,,,53.8,68.0
NusaX-senti,test,ace,64.6,69.0,71.2,66.3,64.1,62.0,54.5,,53.7,53.1,,54.6,57.2
NusaX-senti,test,ban,64.8,66.4,70.9,67.2,61.8,63.8,49.1,,49.0,53.9,,53.0,58.4
NusaX-senti,test,bbc,61.4,59.7,60.1,58.7,58.7,58.4,56.0,,57.0,54.7,,51.7,49.5
NusaX-senti,test,bjn,67.6,70.6,72.4,74.8,65.7,64.6,53.8,,54.8,53.8,,58.7,61.0
NusaX-senti,test,bug,61.4,60.1,64.0,59.8,59.7,57.5,57.2,,55.9,53.1,,49.8,50.8
NusaX-senti,test,eng,79.6,84.4,84.6,87.1,82.3,73.6,66.9,,68.2,70.8,,74.9,78.8
NusaX-senti,test,ind,77.2,72.3,73.7,85.7,71.9,74.2,55.3,,55.1,53.2,,74.8,80.0
NusaX-senti,test,jav,69.0,73.5,76.4,78.3,69.3,70.1,56.4,,52.6,55.5,,56.9,61.4
NusaX-senti,test,mad,63.5,63.0,63.2,59.7,62.0,61.0,50.3,,53.0,53.6,,51.6,54.9
NusaX-senti,test,min,69.7,72.4,73.6,74.0,66.5,65.8,54.2,,54.6,54.4,,59.8,66.2
NusaX-senti,test,nij,62.1,61.7,61.7,58.2,58.4,58.1,51.1,,51.2,51.8,,51.9,56.8
NusaX-senti,test,sun,68.0,71.7,75.0,73.5,67.4,70.6,53.9,,53.8,55.3,,50.8,58.2
OPP115DataRetentionLegalBenchClassification,test,default,67.0,63.6,70.5,55.7,65.9,72.7,65.9,,61.4,60.2,,68.2,69.3
OPP115DataSecurityLegalBenchClassification,test,default,73.2,67.2,69.3,84.8,65.4,65.3,78.7,,76.8,73.6,,78.8,82.9
OPP115DoNotTrackLegalBenchClassification,test,default,90.9,90.0,90.0,90.0,89.1,90.9,95.5,,95.5,95.5,,93.6,93.6
OPP115FirstPartyCollectionUseLegalBenchClassification,test,default,75.7,68.5,71.2,68.9,69.2,68.4,70.0,,71.7,69.6,,69.8,68.6
OPP115InternationalAndSpecificAudiencesLegalBenchClassification,test,default,62.8,74.7,75.7,68.4,73.7,78.7,77.2,,80.5,77.7,,77.1,74.8
OPP115PolicyChangeLegalBenchClassification,test,default,83.3,82.8,85.4,86.8,84.2,87.5,83.3,,84.9,83.3,,87.9,85.8
OPP115ThirdPartySharingCollectionLegalBenchClassification,test,default,64.0,65.1,65.6,67.9,65.6,66.5,70.3,,70.1,69.8,,63.9,64.7
OPP115UserAccessEditAndDeletionLegalBenchClassification,test,default,69.3,72.3,70.3,63.2,67.7,74.7,77.7,,77.1,81.4,,71.0,78.4
OPP115UserChoiceControlLegalBenchClassification,test,default,78.0,74.5,79.0,79.4,75.1,76.4,79.6,,78.6,82.1,,75.5,79.2
OdiaNewsClassification,test,default,59.6,77.3,80.0,84.5,78.3,76.9,53.0,,,53.8,,70.1,75.7
OnlineShopping,test,default,87.0,88.7,90.4,92.6,88.7,85.6,,58.6,,56.9,,84.9,87.8
OnlineStoreReviewSentimentClassification,train,default,33.5,36.5,36.4,34.7,36.0,34.6,28.2,,29.2,28.8,,32.2,31.8
OralArgumentQuestionPurposeLegalBenchClassification,test,default,20.5,22.8,22.1,22.1,23.1,24.4,14.4,,17.6,17.9,,17.6,17.0
OverrulingLegalBenchClassification,test,default,87.9,78.8,77.9,86.4,82.8,78.1,77.3,,71.6,80.0,,72.5,77.0
PAC,test,default,68.1,70.9,70.3,65.6,70.5,68.1,59.5,,,,62.1,65.7,63.8
PROALegalBenchClassification,test,default,49.5,49.5,49.5,76.8,49.5,49.5,49.5,,49.5,49.5,,72.6,61.1
PatentClassification,test,default,38.7,36.5,39.2,40.0,34.2,31.9,34.0,,36.0,40.5,,28.9,30.6
PersianFoodSentimentClassification,test,default,67.9,75.1,76.3,78.1,74.2,72.1,55.4,,54.9,54.1,,73.5,74.7
PersianFoodSentimentClassification,validation,default,69.6,75.4,76.1,78.0,75.0,72.5,55.3,,54.6,54.7,,73.3,74.9
PersonalJurisdictionLegalBenchClassification,test,default,52.0,52.0,52.0,52.0,52.0,56.0,52.0,,52.0,52.0,,56.0,52.0
PoemSentimentClassification,test,default,52.5,47.0,50.0,53.6,43.4,48.1,45.7,,47.2,42.2,,46.7,50.5
PoemSentimentClassification,validation,default,51.0,46.3,49.1,55.1,44.2,48.2,47.0,,44.3,46.4,,45.0,49.1
PolEmo2.0-IN,test,default,66.1,67.6,77.1,84.9,67.3,63.9,38.3,,,41.6,,57.8,62.7
PolEmo2.0-OUT,test,default,32.9,43.9,53.5,61.9,39.2,44.8,23.0,,,25.0,,28.7,19.9
PunjabiNewsClassification,test,default,61.9,80.7,80.7,83.2,78.9,77.3,56.7,,,59.4,,68.7,80.2
RestaurantReviewSentimentClassification,train,default,71.4,,71.5,76.7,62.3,62.2,49.7,,49.7,49.8,,60.4,68.7
RomanianReviewsSentiment,test,default,49.0,51.1,54.0,58.6,45.8,44.9,35.5,,,,35.6,44.8,50.6
RomanianSentimentClassification,test,default,77.9,71.0,73.0,86.6,62.9,62.5,52.0,,,52.1,,66.3,67.7
RuReviewsClassification,test,default,61.4,63.0,65.3,68.1,61.2,58.0,42.5,,,42.3,,58.9,62.3
RuSciBenchGRNTIClassification,test,default,58.9,56.3,58.2,64.4,55.0,53.0,10.5,,,13.3,,53.2,56.0
RuSciBenchOECDClassification,test,default,45.8,42.7,43.9,50.4,41.7,40.5,8.3,,,10.6,,41.4,44.1
SCDBPAccountabilityLegalBenchClassification,test,default,62.8,68.3,63.6,58.3,58.0,45.6,31.7,,49.3,52.2,,38.0,45.4
SCDBPAuditsLegalBenchClassification,test,default,66.8,62.0,58.0,65.4,48.3,55.9,48.3,,46.4,56.2,,53.3,53.0
SCDBPCertificationLegalBenchClassification,test,default,43.7,58.5,56.6,46.3,52.6,44.4,47.6,,44.4,55.3,,43.4,44.4
SCDBPTrainingLegalBenchClassification,test,default,58.3,57.0,57.8,63.6,45.9,54.1,39.1,,44.1,53.8,,49.3,51.5
SCDBPVerificationLegalBenchClassification,test,default,59.4,56.5,57.3,58.3,58.8,58.8,49.6,,52.0,50.7,,51.2,55.9
SCDDAccountabilityLegalBenchClassification,test,default,68.8,66.7,61.1,69.0,61.4,64.3,32.0,,56.1,51.1,,47.9,45.8
SCDDAuditsLegalBenchClassification,test,default,78.1,81.8,73.6,78.6,71.5,71.8,52.8,,69.4,80.5,,36.9,48.0
SCDDCertificationLegalBenchClassification,test,default,68.8,71.2,59.5,69.6,62.7,66.4,23.5,,49.7,55.0,,35.4,36.0
SCDDTrainingLegalBenchClassification,test,default,62.5,59.1,56.2,60.2,49.1,38.5,29.0,,38.5,62.0,,33.5,35.4
SCDDVerificationLegalBenchClassification,test,default,60.2,60.7,64.4,59.1,69.7,71.8,60.4,,67.5,62.5,,55.4,54.9
SanskritShlokasClassification,train,default,71.7,74.8,75.4,68.5,80.4,66.2,60.8,,,67.8,,61.1,51.0
SanskritShlokasClassification,validation,default,70.0,75.4,73.9,68.1,78.4,61.5,60.0,,,65.4,,65.8,51.6
ScalaClassification,test,Danish,50.5,51.0,51.6,,50.8,50.6,50.0,,,49.9,,50.1,50.0
ScalaClassification,test,Norwegian_b,50.1,50.9,51.7,,50.7,50.8,50.3,,,50.3,,50.2,49.9
ScalaClassification,test,Norwegian_n,50.0,50.6,51.2,,50.3,50.2,50.2,,,50.0,,50.1,50.0
ScalaClassification,test,Swedish,50.6,51.2,51.8,,50.9,50.6,50.1,,,50.1,,50.1,50.2
SentimentAnalysisHindi,train,default,55.3,64.6,64.2,60.1,62.6,53.4,39.4,,37.9,37.8,,58.6,60.5
SinhalaNewsClassification,train,default,56.4,65.8,66.8,78.0,68.1,66.1,,38.6,,40.2,,49.4,71.0
SinhalaNewsSourceClassification,train,default,25.4,34.2,35.9,34.6,33.3,33.6,19.0,,,18.6,,28.7,30.7
SiswatiNewsClassification,train,default,59.9,47.0,53.5,78.9,49.4,64.2,54.6,,,55.0,,67.4,59.7
SlovakMovieReviewSentimentClassification,test,default,76.2,64.6,74.4,85.1,60.7,61.8,54.9,,,,54.9,63.2,69.6
SpanishNewsClassification,train,default,88.1,87.5,87.7,89.8,87.4,85.2,69.6,,,80.5,,80.6,83.8
SpanishSentimentClassification,test,default,81.2,90.1,92.5,94.5,89.6,79.6,63.1,,,65.2,,85.9,89.0
SpanishSentimentClassification,validation,default,79.6,89.5,92.7,94.7,88.6,80.1,63.1,,,65.9,,86.3,89.9
SweRecClassification,test,default,74.9,78.2,81.5,84.8,75.2,67.4,51.0,,,52.6,,66.5,71.3
SwedishSentimentClassification,test,default,92.1,93.4,95.1,96.5,91.2,85.3,68.3,,,,69.9,89.8,91.7
SwedishSentimentClassification,validation,default,92.7,93.6,95.3,96.3,90.9,85.5,69.4,,,,70.6,89.9,92.5
SwissJudgementClassification,test,de,53.1,54.7,47.5,54.5,48.9,54.0,52.6,,52.6,53.6,,52.4,53.6
SwissJudgementClassification,test,fr,57.3,56.0,56.0,57.5,55.1,55.3,51.9,,53.3,57.7,,51.8,52.0
SwissJudgementClassification,test,it,58.9,58.7,57.4,55.1,57.8,55.8,60.1,,57.7,55.2,,52.8,53.3
TNews,test,default,0.0,0.0,0.0,0.0,0.0,0.0,0.0,,,,0.0,0.0,0.0
TNews,validation,default,49.9,47.5,48.8,49.9,46.6,46.0,20.4,,,,21.1,39.2,43.7
TamilNewsClassification,test,default,29.7,39.2,42.5,51.7,35.8,36.5,18.1,,,18.8,,27.8,34.3
TelemarketingSalesRuleLegalBenchClassification,test,default,55.3,66.0,61.7,51.1,57.4,55.3,57.4,,48.9,55.3,,51.1,59.6
TeluguAndhraJyotiNewsClassification,test,default,62.8,78.7,79.2,81.5,77.1,72.7,42.8,,,48.5,,53.3,64.4
TenKGnadClassification,test,default,72.2,69.0,,77.3,68.9,66.9,50.0,,51.4,62.9,,64.7,65.9
TextualismToolDictionariesLegalBenchClassification,test,default,84.1,72.9,49.5,83.2,89.7,43.9,58.9,,80.4,76.6,,46.7,15.9
TextualismToolPlainLegalBenchClassification,test,default,57.0,47.9,52.1,50.3,47.9,49.1,62.4,,66.1,65.5,,60.6,63.0
ToxicChatClassification,test,default,83.4,73.5,75.4,80.4,75.5,73.7,77.3,,78.7,80.0,,61.1,67.6
ToxicConversationsClassification,test,default,63.9,64.3,66.0,67.8,63.6,63.2,63.3,,62.1,61.1,,60.1,65.6
TswanaNewsClassification,test,default,39.4,41.0,47.0,47.2,39.7,41.3,23.6,,,19.5,,18.6,19.8
TurkicClassification,train,ba,45.8,28.3,38.8,47.7,33.1,44.6,16.7,,,16.6,,35.5,32.5
TurkicClassification,train,kk,52.9,51.4,51.6,59.6,51.2,53.3,27.4,,,28.0,,49.5,56.3
TurkicClassification,train,ky,43.6,40.1,43.3,52.5,43.4,45.6,20.0,,,20.7,,40.9,45.6
TurkishMovieSentimentClassification,test,default,74.9,72.6,83.6,86.9,68.8,66.9,56.6,,,54.7,,70.0,75.9
TurkishProductSentimentClassification,test,default,64.0,63.4,65.7,71.1,59.8,59.3,52.9,,,52.0,,59.3,62.3
TweetEmotionClassification,train,default,55.7,50.9,55.8,58.2,48.5,45.9,27.8,,28.1,26.4,,38.5,48.6
TweetSarcasmClassification,test,default,55.5,61.4,63.5,67.0,66.1,59.6,60.1,,57.3,61.1,,54.1,51.2
TweetSentimentClassification,test,arabic,49.4,44.2,43.7,49.9,48.0,41.6,33.8,,,36.6,,42.8,45.5
TweetSentimentClassification,test,english,51.0,52.5,55.4,59.1,52.9,43.0,46.7,,,48.1,,46.4,52.1
TweetSentimentClassification,test,french,47.9,51.0,50.7,51.0,46.2,45.3,39.7,,,39.5,,44.8,48.4
TweetSentimentClassification,test,german,55.7,58.9,61.4,63.2,56.9,54.2,47.6,,,48.5,,49.7,54.2
TweetSentimentClassification,test,hindi,37.0,38.0,36.4,36.1,37.2,34.3,34.8,,,35.9,,34.9,35.2
TweetSentimentClassification,test,italian,53.8,51.8,52.1,58.7,48.0,48.8,47.0,,,47.8,,47.7,49.1
TweetSentimentClassification,test,portuguese,50.2,46.7,49.9,58.3,46.8,44.7,40.5,,,38.9,,43.4,48.0
TweetSentimentClassification,test,spanish,48.0,49.0,52.8,56.2,46.6,45.2,39.9,,,38.6,,44.9,49.6
TweetSentimentExtractionClassification,test,default,57.1,62.8,62.8,64.9,62.8,58.8,54.2,,54.0,55.0,,56.1,59.0
TweetTopicSingleClassification,test_2021,default,65.7,67.4,65.3,74.4,66.2,54.8,67.6,,67.8,69.0,,65.1,68.2
UCCVCommonLawLegalBenchClassification,test,default,59.6,53.2,55.3,55.3,52.1,60.6,67.0,,48.9,61.7,,52.1,59.6
UkrFormalityClassification,test,default,54.8,53.0,52.4,53.2,51.4,54.2,,51.5,,52.5,,52.8,53.4
UkrFormalityClassification,train,default,54.2,52.7,52.8,53.0,51.5,53.8,,51.3,,51.8,,51.6,52.1
UnfairTOSLegalBenchClassification,test,default,15.2,17.6,23.4,10.5,23.6,22.2,13.4,,12.7,26.9,,10.9,16.8
UrduRomanSentimentClassification,train,default,46.5,40.4,41.6,43.9,40.4,39.9,40.0,,,40.4,,37.7,38.4
VieStudentFeedbackClassification,test,default,72.3,75.8,75.9,73.8,74.1,69.0,54.4,,,52.4,,69.9,70.2
WRIMEClassification,test,default,28.9,27.9,28.3,33.4,25.2,27.8,21.7,,22.0,20.2,,27.2,29.8
Waimai,test,default,84.9,,86.3,86.5,84.1,82.8,63.5,,,63.3,,82.3,84.0
WisesightSentimentClassification,test,default,33.9,36.3,36.1,39.1,35.1,34.0,22.6,,,23.3,,32.2,34.7
YahooAnswersTopicsClassification,test,default,57.2,51.3,52.9,54.7,49.9,43.7,55.9,,54.6,56.2,,47.2,50.3
YelpReviewFullClassification,test,default,60.4,59.7,64.3,60.2,54.2,46.9,42.7,,43.6,47.6,,40.3,46.0
YueOpenriceReviewClassification,test,default,35.8,31.6,34.8,39.5,30.0,32.3,,23.0,,23.8,,29.2,31.2
